scene_id,sensor,time_utc,nirmap_mean0,nirmap_median0,nirmap_std0,swirmap1_mean0,swirmap1_median0,swirmap1_std0,swirmap2_mean0,swirmap2_median0,swirmap2_std0,hotmap_mean0,hotmap_median0,hotmap_std0,whitenessmap_mean0,whitenessmap_median0,whitenessmap_std0,ndsimap1_mean0,ndsimap1_median0,ndsimap1_std0,ndsimap2_mean0,ndsimap2_median0,ndsimap2_std0,ndvimap_mean0,ndvimap_median0,ndvimap_std0,ndwimap_mean0,ndwimap_median0,ndwimap_std0,mndwimap1_mean0,mndwimap1_median0,mndwimap1_std0,mndwimap2_mean0,mndwimap2_median0,mndwimap2_std0,waterratiomap1_mean0,waterratiomap1_median0,waterratiomap1_std0,waterratiomap2_mean0,waterratiomap2_median0,waterratiomap2_std0,brtestmap1_mean0,brtestmap1_median0,brtestmap1_std0,brtestmap2_mean0,brtestmap2_median0,brtestmap2_std0,btmap1_mean0,btmap1_median0,btmap1_std0,btmap2_mean0,btmap2_median0,btmap2_std0,raamap_mean0,raamap_median0,raamap_std0,vzamap_mean0,vzamap_median0,vzamap_std0,szamap_mean0,szamap_median0,szamap_std0
LC08_L1TP_194027_20220114_20220123_02_T1,LANDSAT_8,20220114,0.0273431483656168,0.027278661727905273,0.0005238587036728859,0.005852504167705774,0.005765699781477451,0.0003493904951028526,0.0025344265159219503,0.002541864989325404,0.000316763820592314,0.10869192332029343,0.10874274373054504,0.00045073567889630795,1.0499629974365234,1.0514936447143555,0.009001421742141247,0.8614271283149719,0.8616076707839966,0.007437801919877529,0.937552809715271,0.9377376437187195,0.007527078036218882,-0.30555352568626404,-0.3053131699562073,0.009144560433924198,0.483793705701828,0.48318585753440857,0.007284960709512234,0.8614271283149719,0.8616076707839966,0.007437801919877529,0.937552809715271,0.9377376437187195,0.007527078036218882,3.9174728393554688,3.921351909637451,0.07736904174089432,4.3525309562683105,4.363257884979248,0.08775387704372406,0.2140480875968933,0.21136300265789032,0.01229589618742466,0.092713862657547,0.09213443845510483,0.011753027327358723,2.5956761837005615,2.591094970703125,0.02623756416141987,2.488980770111084,2.482696533203125,0.027648786082863808,57.897193908691406,57.899993896484375,0.004490947816520929,5.285600185394287,5.289999961853027,0.004963746294379234,71.18000793457031,71.18000030517578,7.62939453125e-06
LC08_L1TP_194027_20220303_20220309_02_T1,LANDSAT_8,20220303,0.020498955622315407,0.020507872104644775,0.0003728947776835412,0.004572656936943531,0.004532535560429096,0.0002945880114566535,0.0021904725581407547,0.0021548059303313494,0.0002383470709901303,0.0816035270690918,0.08166000247001648,0.0002663838677108288,1.0461175441741943,1.0475469827651978,0.008250460959970951,0.8582913875579834,0.8592849373817444,0.007962753064930439,0.9295244812965393,0.9303305745124817,0.007213353179395199,-0.29032036662101746,-0.289864718914032,0.004512937273830175,0.4903358519077301,0.4910263419151306,0.005672970321029425,0.8582913875579834,0.8592849373817444,0.007962753064930439,0.9295244812965393,0.9303305745124817,0.007213353179395199,3.8787710666656494,3.891047477722168,0.07062020897865295,4.286037921905518,4.302289962768555,0.08084651082754135,0.2229536771774292,0.22101442515850067,0.011444461531937122,0.10675788670778275,0.10720854997634888,0.010307497344911098,4.931735992431641,4.946319580078125,0.034827228635549545,4.59423828125,4.593475341796875,0.0369904488325119,52.66999435424805,52.66999053955078,3.814697265625e-06,5.1324005126953125,5.130000114440918,0.004270725417882204,57.43000411987305,57.43000030517578,3.814697265625e-06
LC08_L1TP_195027_20220310_20220315_02_T1,LANDSAT_8,20220310,0.018041782081127167,0.017946230247616768,0.0003079276066273451,0.004419343546032906,0.004383809398859739,0.00022568517306353897,0.0023315877187997103,0.002362570958212018,0.00022319782874546945,0.0733158066868782,0.07339463382959366,0.00024572882102802396,1.035793662071228,1.0359349250793457,0.006083142012357712,0.8498725891113281,0.8511629104614258,0.006934629753232002,0.9178983569145203,0.9166164398193359,0.007499363739043474,-0.2999362647533417,-0.3020133376121521,0.0062757832929492,0.5022198557853699,0.5030937194824219,0.005994562059640884,0.8498725891113281,0.8511629104614258,0.006934629753232002,0.9178983569145203,0.9166164398193359,0.007499363739043474,3.916588544845581,3.9359781742095947,0.06729380041360855,4.3183441162109375,4.326565265655518,0.08615865558385849,0.2449427992105484,0.24196578562259674,0.011430292390286922,0.12918943166732788,0.13068151473999023,0.011699681170284748,4.672648906707764,4.656097412109375,0.07113534957170486,4.648953914642334,4.69189453125,0.09227778762578964,120.41999816894531,120.41999816894531,0.00799560546875,5.100399971008301,5.099999904632568,0.004454224370419979,54.26919937133789,54.27000045776367,0.002713511697947979
LC08_L1TP_194027_20220319_20220329_02_T1,LANDSAT_8,20220319,0.038487207144498825,0.0383877269923687,0.0005193243268877268,0.012627136893570423,0.012657742016017437,0.0004196504596620798,0.006539937108755112,0.006536110304296017,0.00023983743449207395,0.08815022557973862,0.08818976581096649,0.0003084000200033188,0.843984067440033,0.8442796468734741,0.006937328726053238,0.7106828093528748,0.7101345062255859,0.0073687369003891945,0.8389150500297546,0.838519275188446,0.005034625064581633,-0.149990975856781,-0.15063665807247162,0.004831237718462944,0.31963807344436646,0.3207547664642334,0.0049918172881007195,0.7106828093528748,0.7101345062255859,0.0073687369003891945,0.8389150500297546,0.838519275188446,0.005034625064581633,2.479519844055176,2.487164258956909,0.031678978353738785,2.814565658569336,2.819474935531616,0.030238354578614235,0.3280503451824188,0.32731735706329346,0.00858211424201727,0.1699201464653015,0.16901402175426483,0.005634660832583904,5.308554649353027,5.298614501953125,0.04796304553747177,5.329592227935791,5.323211669921875,0.021170897409319878,51.51280212402344,51.51000213623047,0.004490947816520929,5.102799892425537,5.099999904632568,0.00449009146541357,51.15000534057617,51.150001525878906,3.814697265625e-06
LC08_L1TP_195027_20220326_20220330_02_T1,LANDSAT_8,20220326,0.03341340273618698,0.03347768262028694,0.00048727740067988634,0.009104931727051735,0.008981084451079369,0.00033657590392977,0.004721337929368019,0.004684482701122761,0.0001586492726346478,0.08031712472438812,0.08035242557525635,0.0002253335405839607,0.7708045840263367,0.7733474373817444,0.009125097654759884,0.7785744667053223,0.7802197933197021,0.006784972734749317,0.8787077069282532,0.8796474933624268,0.0035461222287267447,-0.19008773565292358,-0.1902017593383789,0.004216301254928112,0.37274453043937683,0.37241771817207336,0.005269999615848064,0.7785744667053223,0.7802197933197021,0.006784972734749317,0.8787077069282532,0.8796474933624268,0.0035461222287267447,2.8751044273376465,2.873418092727661,0.03954845294356346,3.2053351402282715,3.2079148292541504,0.03487921878695488,0.27243924140930176,0.2716604769229889,0.007257774472236633,0.14129307866096497,0.1419527679681778,0.003973100800067186,8.633563995361328,8.62738037109375,0.05601667985320091,8.788495063781738,8.77459716796875,0.08257333189249039,121.25560760498047,121.260009765625,0.008981652557849884,5.039600372314453,5.039999961853027,0.004454189911484718,47.90840148925781,47.90999984741211,0.0036654453724622726
LC08_L1TP_195027_20220411_20220419_02_T1,LANDSAT_8,20220411,,,,,,,,,,,,,,,,,,,,,,,,,,,,,,,,,,,,,,,,,,,,,,,,,,,,,,,,,,,,
LC08_L1TP_194027_20220420_20220427_02_T1,LANDSAT_8,20220420,0.02958364225924015,0.029479287564754486,0.0012547862716019154,0.011028352193534374,0.01073611993342638,0.0011535031953826547,0.00750738987699151,0.007260393816977739,0.0009866005275398493,0.07255654782056808,0.07256539165973663,0.00045917354873381555,0.9298126697540283,0.9338477849960327,0.01894879713654518,0.6834025382995605,0.689616858959198,0.022563094273209572,0.7731470465660095,0.7789971232414246,0.022270917892456055,-0.10958783328533173,-0.11000712215900421,0.012836341746151447,0.3285852074623108,0.3305489122867584,0.015431160107254982,0.6834025382995605,0.689616858959198,0.022563094273209572,0.7731470465660095,0.7789971232414246,0.022270917892456055,2.351951837539673,2.362271308898926,0.08061358332633972,2.5759689807891846,2.6004176139831543,0.09712840616703033,0.372557669878006,0.36541885137557983,0.031057510524988174,0.2532878816127777,0.24684683978557587,0.025601059198379517,8.493080139160156,8.475189208984375,0.093886598944664,7.699464321136475,7.72174072265625,0.0797496810555458,48.8556022644043,48.86000061035156,0.004961142782121897,5.124799728393555,5.119999885559082,0.004996112547814846,39.02839660644531,39.029998779296875,0.0036654460709542036
LC08_L1TP_194027_20220623_20220705_02_T1,LANDSAT_8,20220623,0.024411268532276154,0.024271147325634956,0.0005227159708738327,0.009098832495510578,0.00905334297567606,0.00039785989793017507,0.004922466352581978,0.004845126532018185,0.00025223701959475875,0.06795057654380798,0.06794556230306625,0.00015923110186122358,0.9089017510414124,0.910283625125885,0.006838459987193346,0.7253371477127075,0.7260839343070984,0.009562614373862743,0.8414050340652466,0.8435549736022949,0.007066888269037008,-0.13698744773864746,-0.1379730999469757,0.008076407015323639,0.4013623893260956,0.4024665057659149,0.008174383081495762,0.7253371477127075,0.7260839343070984,0.009562614373862743,0.8414050340652466,0.8435549736022949,0.007066888269037008,2.6661593914031982,2.6778159141540527,0.05842126905918121,3.045682430267334,3.050544261932373,0.06578291952610016,0.3726143538951874,0.37110474705696106,0.010327719151973724,0.20154906809329987,0.20092567801475525,0.0066809444688260555,21.508760452270508,21.50335693359375,0.039801567792892456,19.86513328552246,19.877288818359375,0.04010238125920296,39.0620002746582,39.05999755859375,0.0040039061568677425,5.1732001304626465,5.170000076293945,0.004664645995944738,28.450002670288086,28.450000762939453,1.9073486328125e-06
LC08_L1TP_195027_20220716_20220726_02_T1,LANDSAT_8,20220716,0.02074894681572914,0.020179390907287598,0.0011993793305009604,0.005828674416989088,0.0053626783192157745,0.0016028902027755976,0.0034598475322127342,0.003051173407584429,0.0014855843037366867,0.07033756375312805,0.07029272615909576,0.0004376398283056915,0.8914137482643127,0.8956873416900635,0.015123369172215462,0.8383424282073975,0.848524808883667,0.03530128672719002,0.9011862874031067,0.9110812544822693,0.03550060838460922,-0.2535058259963989,-0.25878334045410156,0.015065803192555904,0.5208344459533691,0.5277252793312073,0.01666334457695484,0.8383424282073975,0.848524808883667,0.03530128672719002,0.9011862874031067,0.9110812544822693,0.03550060838460922,3.8088321685791016,3.8985519409179688,0.24499331414699554,4.184847831726074,4.29681396484375,0.2868773639202118,0.27888789772987366,0.26460450887680054,0.05821918696165085,0.16450148820877075,0.14943818747997284,0.0568259097635746,21.963451385498047,21.953887939453125,0.05819391459226608,20.912572860717773,20.913055419921875,0.03369753807783127,144.79998779296875,144.79998779296875,0.0,4.734799861907959,4.730000019073486,0.004995874594897032,30.090002059936523,30.09000015258789,1.9073486328125e-06
LC08_L1TP_194027_20220725_20220802_02_T1,LANDSAT_8,20220725,0.019729454070329666,0.019589396193623543,0.0005387506098486483,0.004442152567207813,0.0043295337818562984,0.0003463096509221941,0.002212557243183255,0.0021529390942305326,0.0002441429242026061,0.07506714761257172,0.07506902515888214,0.0002057025267276913,0.9446514844894409,0.9450132846832275,0.008279690518975258,0.8681302666664124,0.8706716299057007,0.00888772588223219,0.9320879578590393,0.9340341091156006,0.006757001392543316,-0.25125882029533386,-0.25371795892715454,0.00825421791523695,0.5224619507789612,0.5241379737854004,0.007894293405115604,0.8681302666664124,0.8706716299057007,0.00888772588223219,0.9320879578590393,0.9340341091156006,0.006757001392543316,3.969111442565918,3.9763565063476562,0.10742213577032089,4.37226676940918,4.4146623611450195,0.11513703316450119,0.22492218017578125,0.22183066606521606,0.012385288253426552,0.11193684488534927,0.10911262780427933,0.009380554780364037,24.272993087768555,24.2642822265625,0.028184600174427032,22.929176330566406,22.923736572265625,0.0363335944712162,40.76000213623047,40.76000213623047,0.0,5.2667999267578125,5.269999980926514,0.004664645995944738,32.290000915527344,32.290000915527344,0.0
LC08_L1TP_195027_20220801_20220806_02_T1,LANDSAT_8,20220801,0.017456362023949623,0.016914594918489456,0.0012332487385720015,0.0045258281752467155,0.004037517588585615,0.0014565484598279,0.0026881631929427385,0.0022457214072346687,0.001063288189470768,0.07129186391830444,0.07118228822946548,0.00048610815429128706,0.9638878107070923,0.9695892333984375,0.01825590431690216,0.857109010219574,0.8692964315414429,0.036743152886629105,0.9126712679862976,0.9248902201652527,0.02965661697089672,-0.272356241941452,-0.27893924713134766,0.01584109105169773,0.5392143130302429,0.5472062826156616,0.01870976760983467,0.857109010219574,0.8692964315414429,0.036743152886629105,0.9126712679862976,0.9248902201652527,0.02965661697089672,4.071219444274902,4.196796894073486,0.30055883526802063,4.438640117645264,4.592688083648682,0.31622427701950073,0.2557678520679474,0.2374817579984665,0.055419471114873886,0.15123863518238068,0.133712500333786,0.04376272112131119,22.483802795410156,22.497528076171875,0.05307517200708389,20.745433807373047,20.743377685546875,0.05000343546271324,132.8028106689453,135.82000732421875,3.1412065029144287,4.975599765777588,4.960000038146973,0.019199976697564125,33.15959930419922,33.15999984741211,0.001959263114258647
LC08_L1TP_194027_20220810_20220818_02_T1,LANDSAT_8,20220810,0.017735380679368973,0.01762872189283371,0.0005387522396631539,0.004475814290344715,0.0043207560665905476,0.0004214141517877579,0.0025529502891004086,0.00251838774420321,0.0002455148205626756,0.07470874488353729,0.07467517256736755,0.00018860088312067091,0.9106477499008179,0.9119449257850647,0.008868354372680187,0.8738588690757751,0.8774941563606262,0.010418624617159367,0.9260327219963074,0.926908016204834,0.00644608773291111,-0.3302692770957947,-0.32989704608917236,0.009289970621466637,0.5786382555961609,0.5799999833106995,0.00835974421352148,0.8738588690757751,0.8774941563606262,0.010418624617159367,0.9260327219963074,0.926908016204834,0.00644608773291111,4.582517623901367,4.643667697906494,0.14914460480213165,5.015217304229736,5.03067684173584,0.14115440845489502,0.2520042955875397,0.24965111911296844,0.017186710610985756,0.14376652240753174,0.1422593593597412,0.010567567311227322,22.177017211914062,22.163848876953125,0.04212842136621475,21.439136505126953,21.47222900390625,0.07436339557170868,44.33720397949219,44.340003967285156,0.004490947816520929,5.154399394989014,5.150000095367432,0.004963746294379234,35.900001525878906,35.900001525878906,0.0
LC08_L1TP_195027_20220902_20220910_02_T1,LANDSAT_8,20220902,0.0203801728785038,0.02029714733362198,0.00034239658270962536,0.004614700097590685,0.004609308205544949,0.0003326736041344702,0.0022502029314637184,0.002237265231087804,0.0002550484496168792,0.07194087654352188,0.07195651531219482,0.00016496471653226763,0.8503932356834412,0.8503246903419495,0.00531478226184845,0.8652817010879517,0.8655133247375488,0.008528430014848709,0.9319799542427063,0.9322726726531982,0.0071465931832790375,-0.2836238741874695,-0.2852429151535034,0.005335628986358643,0.5161740779876709,0.5170654654502869,0.005151762161403894,0.8652817010879517,0.8655133247375488,0.008528430014848709,0.9319799542427063,0.9322726726531982,0.0071465931832790375,4.017833709716797,4.034708023071289,0.08010627329349518,4.43766450881958,4.449642181396484,0.08987697958946228,0.22629696130752563,0.2254640907049179,0.013336174190044403,0.1102738305926323,0.10991955548524857,0.010831440798938274,18.619522094726562,18.6260986328125,0.03193097189068794,16.917112350463867,16.945098876953125,0.048175252974033356,127.49800109863281,127.5,0.0040039075538516045,4.918399810791016,4.920000076293945,0.004630392882972956,42.099998474121094,42.099998474121094,0.0
LC08_L1TP_195027_20230209_20230217_02_T1,LANDSAT_8,20230209,0.026151292026042938,0.02617192640900612,0.00043254377669654787,0.00605799863114953,0.006144301034510136,0.00042775587644428015,0.002892977325245738,0.0029079762753099203,0.00025196114438585937,0.08856997638940811,0.08850618451833725,0.0004519054782576859,0.9816886186599731,0.9810365438461304,0.010154906660318375,0.8361297845840454,0.8353238701820374,0.010269936174154282,0.9182339310646057,0.9178812503814697,0.006794553715735674,-0.25631532073020935,-0.2567302882671356,0.008086800575256348,0.4435819387435913,0.4440040588378906,0.006267095450311899,0.8361297845840454,0.8353238701820374,0.010269936174154282,0.9182339310646057,0.9178812503814697,0.006794553715735674,3.479729413986206,3.4562692642211914,0.07993908226490021,3.8584282398223877,3.8376216888427734,0.07942767441272736,0.2315264642238617,0.23217496275901794,0.013934435322880745,0.11055867373943329,0.1117212325334549,0.008787501603364944,1.5762170553207397,1.58038330078125,0.029427897185087204,1.5834167003631592,1.582611083984375,0.03424763306975365,118.34719848632812,118.35000610351562,0.008257967419922352,5.254799842834473,5.25,0.004996112547814846,64.76000213623047,64.76000213623047,0.0
LC08_L1TP_194027_20230322_20230325_02_T1,LANDSAT_8,20230322,0.029137277975678444,0.029028886929154396,0.0012001576833426952,0.01285368762910366,0.012894799932837486,0.0007160655222833157,0.0091584213078022,0.00918832328170538,0.0005746227107010782,0.07374708354473114,0.07366237044334412,0.0004886402748525143,0.8778090476989746,0.8795411586761475,0.011067254468798637,0.6548976302146912,0.6510747075080872,0.013543650507926941,0.7412908673286438,0.7398231029510498,0.01222493126988411,-0.16067512333393097,-0.1602507084608078,0.012889742851257324,0.35796982049942017,0.35881558060646057,0.01397346705198288,0.6548976302146912,0.6510747075080872,0.013543650507926941,0.7412908673286438,0.7398231029510498,0.01222493126988411,2.4292166233062744,2.413511276245117,0.07980045676231384,2.6638684272766113,2.643089532852173,0.09068693965673447,0.44099947810173035,0.44193217158317566,0.012288358993828297,0.3141046464443207,0.3134961426258087,0.009453759528696537,9.468395233154297,9.4920654296875,0.11438172310590744,8.755820274353027,8.76507568359375,0.0741492211818695,51.350006103515625,51.350006103515625,0.0,5.105599880218506,5.110000133514404,0.004963983315974474,50.04999923706055,50.04999923706055,0.0
LC08_L1TP_194027_20230813_20230819_02_T1,LANDSAT_8,20230813,,,,,,,,,,,,,,,,,,,,,,,,,,,,,,,,,,,,,,,,,,,,,,,,,,,,,,,,,,,,
LC08_L1TP_195027_20230820_20230826_02_T1,LANDSAT_8,20230820,0.025523081421852112,0.025401154533028603,0.0004862711939495057,0.008385425433516502,0.00833157729357481,0.0004788005317095667,0.004781510680913925,0.004750014282763004,0.00030458366381935775,0.08077821880578995,0.08100429177284241,0.0006089820526540279,0.8422926068305969,0.8437212705612183,0.005665203090757132,0.8414543271064758,0.8424126505851746,0.00817923154681921,0.9064021110534668,0.9070819616317749,0.005578724201768637,-0.30927789211273193,-0.3076923191547394,0.008408360183238983,0.5846396684646606,0.5834027528762817,0.0068873632699251175,0.8414543271064758,0.8424126505851746,0.00817923154681921,0.9064021110534668,0.9070819616317749,0.005578724201768637,4.300914764404297,4.299546718597412,0.10903432220220566,4.811858654022217,4.795833110809326,0.11210162192583084,0.3284231126308441,0.3239997327327728,0.014839336276054382,0.18727171421051025,0.18518497049808502,0.009972039610147476,23.020132064819336,23.016815185546875,0.015623780898749828,21.522241592407227,21.51800537109375,0.049518536776304245,137.70919799804688,137.7100067138672,0.005596931092441082,4.8572001457214355,4.860000133514404,0.00449009146541357,38.060001373291016,38.060001373291016,0.0
LC08_L1TP_195027_20230905_20230912_02_T1,LANDSAT_8,20230905,0.020429136231541634,0.020359084010124207,0.0007678071851842105,0.004348739515990019,0.0042414674535393715,0.00043939449824392796,0.0021738195791840553,0.0020796824246644974,0.00026293547125533223,0.07380443811416626,0.07382906973361969,0.0002093677467200905,0.8257127404212952,0.8270679712295532,0.009094886481761932,0.9006563425064087,0.9028215408325195,0.009163213893771172,0.9490694999694824,0.9511884450912476,0.00585845997557044,-0.3609185814857483,-0.3628169298171997,0.011438494548201561,0.6056032180786133,0.6074914932250977,0.010799017734825611,0.9006563425064087,0.9028215408325195,0.009163213893771172,0.9490694999694824,0.9511884450912476,0.00585845997557044,5.118985652923584,5.1520562171936035,0.1866784244775772,5.610015869140625,5.6500020027160645,0.18571773171424866,0.21256208419799805,0.20958900451660156,0.01553095132112503,0.10625366121530533,0.10302168875932693,0.01040039025247097,20.28033447265625,20.272491455078125,0.035745855420827866,19.968791961669922,19.969940185546875,0.019630730152130127,133.32000732421875,133.32000732421875,0.0,4.729599952697754,4.730000019073486,0.004454224370419979,43.040000915527344,43.040000915527344,0.0
LC08_L1TP_194027_20231203_20231209_02_T1,LANDSAT_8,20231203,0.049135807901620865,0.04264792799949646,0.017892535775899887,0.025392673909664154,0.01764742285013199,0.018329819664359093,0.017676828429102898,0.011826216243207455,0.01358878891915083,0.12996838986873627,0.1287097930908203,0.0029021035879850388,0.9038576483726501,0.9592105150222778,0.10061972588300705,0.6446211338043213,0.7038560509681702,0.1652519702911377,0.7376760244369507,0.7845983505249023,0.14066572487354279,-0.22844135761260986,-0.2461628019809723,0.07522765547037125,0.3780273497104645,0.40841493010520935,0.09784045815467834,0.6446211338043213,0.7038560509681702,0.1652519702911377,0.7376760244369507,0.7845983505249023,0.14066572487354279,2.745469331741333,2.8601932525634766,0.7482794523239136,3.031266450881958,3.1057276725769043,0.7830076217651367,0.46435531973838806,0.4137932062149048,0.16009777784347534,0.31903353333473206,0.2790694236755371,0.12598678469657898,3.1108946800231934,3.142181396484375,0.19014208018779755,1.747530460357666,1.825164794921875,0.2073705792427063,62.686805725097656,62.69000244140625,0.0046621994115412235,5.262800216674805,5.260000228881836,0.004489877726882696,70.94999694824219,70.94999694824219,0.0
LC08_L1TP_194027_20231219_20240103_02_T1,LANDSAT_8,20231219,0.020563645288348198,0.020654551684856415,0.0007965046097524464,0.004093465860933065,0.004010588396340609,0.0004941999795846641,0.0018421870190650225,0.0018715880578383803,0.00042991433292627335,0.10386639833450317,0.10394124686717987,0.0005414953920990229,1.1018227338790894,1.0991194248199463,0.018431786447763443,0.8943560123443604,0.895548403263092,0.011024381965398788,0.9510921239852905,0.949550211429596,0.010846205987036228,-0.36937960982322693,-0.36741217970848083,0.013350331224501133,0.5618543028831482,0.5582386255264282,0.01068615447729826,0.8943560123443604,0.895548403263092,0.011024381965398788,0.9510921239852905,0.949550211429596,0.010846205987036228,4.790096282958984,4.777484893798828,0.17457082867622375,5.272572040557861,5.23099946975708,0.2114325761795044,0.19877851009368896,0.2006688117980957,0.019694052636623383,0.0892418697476387,0.09463652223348618,0.019320424646139145,4.413026332855225,4.39385986328125,0.03141512721776962,4.141355037689209,4.1461181640625,0.039590995758771896,61.279991149902344,61.279991149902344,0.0,5.123199939727783,5.119999885559082,0.0046648685820400715,72.58999633789062,72.58999633789062,0.0
LC08_L1TP_194027_20240120_20240129_02_T1,LANDSAT_8,20240120,0.02459065616130829,0.024680616334080696,0.0006216803449206054,0.003960727248340845,0.003906278405338526,0.0004031352873425931,0.0019602368120104074,0.001953128259629011,0.00033494181116111577,0.1133817583322525,0.11328233033418655,0.00043346674647182226,1.1142908334732056,1.1139745712280273,0.0077991364523768425,0.9035128951072693,0.904486358165741,0.009086200036108494,0.9510742425918579,0.951542317867279,0.007989599369466305,-0.3431570827960968,-0.34108540415763855,0.010750805959105492,0.521033525466919,0.5216137170791626,0.00826171226799488,0.9035128951072693,0.904486358165741,0.009086200036108494,0.9510742425918579,0.951542317867279,0.007989599369466305,4.499283313751221,4.477461814880371,0.12416227161884308,4.83749532699585,4.87723445892334,0.11888542771339417,0.16099253296852112,0.15887852013111115,0.01518431305885315,0.07972770184278488,0.07913611829280853,0.013367513194680214,1.9071972370147705,1.894775390625,0.0711974948644638,1.3039941787719727,1.292236328125,0.028447430580854416,57.140403747558594,57.14000701904297,0.001958517823368311,5.174799919128418,5.170000076293945,0.004995874594897032,70.25,70.25,0.0
LC08_L1TP_195027_20240127_20240207_02_T1,LANDSAT_8,20240127,0.021311843767762184,0.021287735551595688,0.0004606899747159332,0.005279629025608301,0.00521560525521636,0.00038421122008003294,0.0023921001702547073,0.00244372827000916,0.0003111771075055003,0.0910092145204544,0.09117890894412994,0.00044077387428842485,1.0895211696624756,1.0910916328430176,0.00946530606597662,0.8483505249023438,0.8495303392410278,0.009876872412860394,0.9283416867256165,0.9270078539848328,0.008859879337251186,-0.31036219000816345,-0.3094814717769623,0.009796575643122196,0.5022723078727722,0.5038072466850281,0.00781313981860876,0.8483505249023438,0.8495303392410278,0.009876872412860394,0.9283416867256165,0.9270078539848328,0.008859879337251186,3.943990468978882,3.9544544219970703,0.09645086526870728,4.423604965209961,4.416478633880615,0.09142176806926727,0.247666135430336,0.24479138851165771,0.015971025452017784,0.1122942715883255,0.11392326653003693,0.014801186509430408,3.463292121887207,3.46026611328125,0.020904138684272766,3.4231958389282227,3.445220947265625,0.05242622271180153,128.98397827148438,128.97999572753906,0.004896312020719051,4.861999988555908,4.860000133514404,0.004898904822766781,68.3947982788086,68.38999938964844,0.004997066222131252
LC08_L1TP_194027_20240205_20240212_02_T1,LANDSAT_8,20240205,,,,,,,,,,,,,,,,,,,,,,,,,,,,,,,,,,,,,,,,,,,,,,,,,,,,,,,,,,,,
LC08_L1TP_194027_20240511_20240520_02_T1,LANDSAT_8,20240511,0.04345747083425522,0.04366592317819595,0.0008713746792636812,0.02177918516099453,0.021821070462465286,0.0005360111244954169,0.01607191376388073,0.01615758053958416,0.00048506856546737254,0.07373332232236862,0.07368478178977966,0.00029485946288332343,0.855303943157196,0.8574538230895996,0.00895729660987854,0.48548948764801025,0.4842519760131836,0.007088670041412115,0.592893123626709,0.5921570062637329,0.007768677547574043,0.031240394338965416,0.030957041308283806,0.005246061831712723,0.18263661861419678,0.18133321404457092,0.006991437170654535,0.48548948764801025,0.4842519760131836,0.007088670041412115,0.592893123626709,0.5921570062637329,0.007768677547574043,1.5898125171661377,1.5843967199325562,0.019990243017673492,1.7423251867294312,1.7354663610458374,0.02459539845585823,0.501161515712738,0.5005596876144409,0.007220290135592222,0.36978432536125183,0.3702080249786377,0.005965390708297491,13.176548957824707,13.1529541015625,0.05896679311990738,12.366106033325195,12.3619384765625,0.07414567470550537,45.689998626708984,45.69000244140625,3.814697265625e-06,4.980000019073486,4.980000019073486,0.004898975137621164,32.810001373291016,32.810001373291016,0.0
LC08_L1TP_194027_20240714_20240719_02_T1,LANDSAT_8,20240714,0.026057710871100426,0.02601867914199829,0.00035162275889888406,0.010500393807888031,0.01057008933275938,0.00027051850338466465,0.00721367634832859,0.007201593369245529,0.0002086267340928316,0.06935002654790878,0.06933283060789108,0.00019574879843275994,0.8258415460586548,0.8264403343200684,0.0060780663043260574,0.7182407379150391,0.7173035740852356,0.0056017315946519375,0.7975068688392639,0.7977822422981262,0.004722132813185453,-0.17284917831420898,-0.1742173582315445,0.00553523562848568,0.42150017619132996,0.42095741629600525,0.004781477153301239,0.7182407379150391,0.7173035740852356,0.0056017315946519375,0.7975068688392639,0.7977822422981262,0.004722132813185453,2.762479782104492,2.7633254528045654,0.03379686921834946,3.0352377891540527,3.043327569961548,0.03163573145866394,0.4029468894004822,0.4033688008785248,0.007769203279167414,0.27684924006462097,0.2774774730205536,0.00758686289191246,19.364774703979492,19.3560791015625,0.06385413557291031,18.183374404907227,18.192291259765625,0.06191526725888252,38.94000244140625,38.94000244140625,0.0,5.266400337219238,5.269999980926514,0.0047998810186982155,30.579999923706055,30.579999923706055,0.0
LC08_L1TP_194027_20240730_20240801_02_T1,LANDSAT_8,20240730,,,,,,,,,,,,,,,,,,,,,,,,,,,,,,,,,,,,,,,,,,,,,,,,,,,,,,,,,,,,
LC08_L1TP_195027_20240806_20240814_02_T1,LANDSAT_8,20240806,0.018345797434449196,0.018136989325284958,0.0008662404143251479,0.004262554459273815,0.004006159491837025,0.00079587590880692,0.0021385580766946077,0.001990941585972905,0.0004630717739928514,0.06966063380241394,0.069597989320755,0.0003239999932702631,0.9037525653839111,0.9046748876571655,0.012769438326358795,0.8777242302894592,0.8835157752037048,0.01976226083934307,0.9367086887359619,0.940985918045044,0.012426077388226986,-0.2988949120044708,-0.30079030990600586,0.013243423774838448,0.5613799691200256,0.5639315843582153,0.013516784645617008,0.8777242302894592,0.8835157752037048,0.01976226083934307,0.9367086887359619,0.940985918045044,0.012426077388226986,4.4045891761779785,4.45424747467041,0.22304674983024597,4.857907295227051,4.911271095275879,0.2188931554555893,0.23133650422096252,0.22496569156646729,0.032031189650297165,0.11589089035987854,0.10904255509376526,0.018721913918852806,22.849842071533203,22.84722900390625,0.04404070973396301,21.244016647338867,21.240234375,0.0331968255341053,141.29998779296875,141.29998779296875,0.0,4.703999996185303,4.699999809265137,0.004899091552942991,34.540000915527344,34.540000915527344,0.0
LC08_L1TP_194027_20240815_20240822_02_T1,LANDSAT_8,20240815,0.028502322733402252,0.028233341872692108,0.000702923396602273,0.008947018533945084,0.008865414187312126,0.00048005461576394737,0.004898141138255596,0.004810492042452097,0.0004142817051615566,0.08279296010732651,0.08278590440750122,0.000232531558140181,0.8282983899116516,0.8278840184211731,0.005358830094337463,0.8206335306167603,0.8215915560722351,0.008544392883777618,0.8976629376411438,0.8992883563041687,0.008017340674996376,-0.25439947843551636,-0.257255882024765,0.009460456669330597,0.5221977829933167,0.5241335034370422,0.00865863636136055,0.8206335306167603,0.8215915560722351,0.008544392883777618,0.8976629376411438,0.8992883563041687,0.008017340674996376,3.7075741291046143,3.724865436553955,0.100433848798275,4.157191276550293,4.175934314727783,0.11552020907402039,0.3137415647506714,0.3119925558567047,0.010347002185881138,0.1716960072517395,0.17086321115493774,0.011359194293618202,22.351713180541992,22.341796875,0.024368390440940857,20.305747985839844,20.308197021484375,0.02202850952744484,45.459991455078125,45.459991455078125,0.0,5.3308000564575195,5.329999923706055,0.004833243787288666,37.43000030517578,37.43000030517578,0.0
LC08_L1TP_195027_20240822_20240830_02_T1,LANDSAT_8,20240822,,,,,,,,,,,,,,,,,,,,,,,,,,,,,,,,,,,,,,,,,,,,,,,,,,,,,,,,,,,,
LC08_L1TP_194027_20241205_20241210_02_T1,LANDSAT_8,20241205,,,,,,,,,,,,,,,,,,,,,,,,,,,,,,,,,,,,,,,,,,,,,,,,,,,,,,,,,,,,
LC08_L1TP_195027_20250113_20250122_02_T1,LANDSAT_8,20250113,,,,,,,,,,,,,,,,,,,,,,,,,,,,,,,,,,,,,,,,,,,,,,,,,,,,,,,,,,,,
LC08_L1TP_195027_20250403_20250411_02_T1,LANDSAT_8,20250403,0.025521626695990562,0.02573232352733612,0.0006408159388229251,0.009675233624875546,0.009814836084842682,0.0007157709915190935,0.006608765106648207,0.0066932132467627525,0.0004832031554542482,0.07001513987779617,0.0700678601861,0.00032006725086830556,0.8293616771697998,0.8299737572669983,0.011167996563017368,0.7252259254455566,0.7224653363227844,0.01619361899793148,0.8037302494049072,0.8025716543197632,0.011936154216527939,-0.22623573243618011,-0.22723419964313507,0.008347511291503906,0.40797606110572815,0.4065016508102417,0.008099791593849659,0.7252259254455566,0.7224653363227844,0.01619361899793148,0.8037302494049072,0.8025716543197632,0.011936154216527939,2.8759260177612305,2.8385837078094482,0.08265036344528198,3.1498022079467773,3.1363635063171387,0.08070113509893417,0.37882763147354126,0.37729713320732117,0.022517628967761993,0.258754700422287,0.25988686084747314,0.014896241948008537,8.945988655090332,8.931121826171875,0.16688285768032074,8.713858604431152,8.727081298828125,0.09926867485046387,122.05399322509766,122.04998779296875,0.00848954077810049,5.155999660491943,5.159999847412109,0.004898857790976763,44.66920471191406,44.66999816894531,0.0027124842163175344
LC08_L1TP_194027_20250412_20250416_02_T1,LANDSAT_8,20250412,0.018816206604242325,0.01869071274995804,0.0003773133794311434,0.005167963914573193,0.0051754736341536045,0.0002492023049853742,0.0032350707333534956,0.003217908088117838,0.00015204978990368545,0.07202012091875076,0.072014220058918,0.00019467245147097856,0.9040390253067017,0.9050523042678833,0.0057396600022912025,0.8430500030517578,0.8421913981437683,0.0066503980197012424,0.8987737894058228,0.899159848690033,0.004336504731327295,-0.2941974401473999,-0.2956169843673706,0.006051482632756233,0.5266036987304688,0.5274576544761658,0.006348344963043928,0.8430500030517578,0.8421913981437683,0.0066503980197012424,0.8987737894058228,0.899159848690033,0.004336504731327295,3.969987392425537,3.9853124618530273,0.07993745058774948,4.317583084106445,4.343598365783691,0.07859092950820923,0.27455347776412964,0.27478715777397156,0.009252569638192654,0.17188268899917603,0.1700284630060196,0.006086419336497784,13.981051445007324,13.98358154296875,0.02714010514318943,13.634220123291016,13.63702392578125,0.03216423839330673,49.6200065612793,49.62000274658203,3.814697265625e-06,5.035200119018555,5.039999961853027,0.004995874594897032,41.77000045776367,41.77000045776367,0.0
LC08_L1TP_194027_20250428_20250508_02_T1,LANDSAT_8,20250428,0.03681601583957672,0.03694421797990799,0.0006193349254317582,0.013842523097991943,0.01381370797753334,0.0003107630182057619,0.008953067474067211,0.008968964219093323,0.0002911722694989294,0.07814285904169083,0.07816174626350403,0.0006232928135432303,0.8095563650131226,0.8044155836105347,0.02545134536921978,0.6666014790534973,0.6672911047935486,0.00694259675219655,0.7709421515464783,0.7704502940177917,0.004015701822936535,-0.10254975408315659,-0.09711910039186478,0.012830222956836224,0.3054423928260803,0.3047619163990021,0.011072204448282719,0.6666014790534973,0.6672911047935486,0.00694259675219655,0.7709421515464783,0.7704502940177917,0.004015701822936535,2.2595129013061523,2.2400596141815186,0.05193808302283287,2.500880479812622,2.4900550842285156,0.05316990241408348,0.3760391175746918,0.37750986218452454,0.008159983903169632,0.2431819885969162,0.24363374710083008,0.006741667166352272,12.780834197998047,12.787017822265625,0.04832408204674721,11.758759498596191,11.7703857421875,0.04066694155335426,47.790008544921875,47.790008544921875,0.0,5.037199974060059,5.039999961853027,0.004489877726882696,36.38999938964844,36.38999938964844,0.0
LC08_L1TP_194027_20250514_20250529_02_T1,LANDSAT_8,20250514,0.02026197500526905,0.020059719681739807,0.0005697343149222434,0.004468424245715141,0.004300196189433336,0.0005132466903887689,0.002524354960769415,0.0024100011214613914,0.00027897919062525034,0.07100576907396317,0.07103599607944489,0.0001776646386133507,1.0352455377578735,1.0375627279281616,0.010517111048102379,0.8474861979484558,0.8517916798591614,0.014858296141028404,0.910847544670105,0.9143217206001282,0.008715761825442314,-0.19277481734752655,-0.19526085257530212,0.007570243906229734,0.45475128293037415,0.45716118812561035,0.0085582435131073,0.8474861979484558,0.8517916798591614,0.014858296141028404,0.910847544670105,0.9143217206001282,0.008715761825442314,3.400278091430664,3.433561325073242,0.10646291822195053,3.6888175010681152,3.722398519515991,0.0933132916688919,0.22008709609508514,0.21545666456222534,0.018934916704893112,0.12436537444591522,0.12004783749580383,0.010424046777188778,16.37828826904297,16.370697021484375,0.048111338168382645,15.671774864196777,15.673583984375,0.07328107208013535,45.16999816894531,45.16999816894531,0.0,5.244799613952637,5.239999771118164,0.004996112547814846,32.16999816894531,32.16999816894531,0.0
LC08_L1TP_194027_20250530_20250606_02_T1,LANDSAT_8,20250530,0.014602509327232838,0.014517057687044144,0.00043648036080412567,0.003027447499334812,0.002940162317827344,0.0003295545466244221,0.0015950356610119343,0.0015160194598138332,0.00018729575094766915,0.066275455057621,0.06625708192586899,0.00015834368241485208,1.1070029735565186,1.1074652671813965,0.010386738926172256,0.8818399310112,0.8844244480133057,0.011288080364465714,0.9359397888183594,0.9388890862464905,0.006957384292036295,-0.2692710757255554,-0.26907652616500854,0.008358222432434559,0.5347703099250793,0.5359358191490173,0.008534163236618042,0.8818399310112,0.8844244480133057,0.011288080364465714,0.9359397888183594,0.9388890862464905,0.006957384292036295,4.174929141998291,4.191800117492676,0.1214369535446167,4.5426130294799805,4.55064582824707,0.11067643761634827,0.20705507695674896,0.20253156125545502,0.01828962191939354,0.1091393306851387,0.10466986149549484,0.011424610391259193,19.808544158935547,19.8077392578125,0.03576164320111275,19.173545837402344,19.1802978515625,0.02775876596570015,42.185997009277344,42.19000244140625,0.004903763998299837,5.340400218963623,5.340000152587891,0.004454189911484718,29.459999084472656,29.459999084472656,0.0
LC08_L1TP_195027_20250622_20250630_02_T1,LANDSAT_8,20250622,0.028560979291796684,0.02739028073847294,0.004111661110073328,0.011840015649795532,0.010969676077365875,0.004049189854413271,0.007963307201862335,0.0072151110507547855,0.0033680845517665148,0.07072166353464127,0.07061310112476349,0.0007219832623377442,0.8265728950500488,0.8407384157180786,0.05234690383076668,0.7025578022003174,0.7153757214546204,0.07354357838630676,0.7907772660255432,0.8032078146934509,0.06952883303165436,-0.14403888583183289,-0.14715135097503662,0.025637000799179077,0.3990820050239563,0.41155773401260376,0.04007460176944733,0.7025578022003174,0.7153757214546204,0.07354357838630676,0.7907772660255432,0.8032078146934509,0.06952883303165436,2.642669916152954,2.6816041469573975,0.3486116826534271,2.925565719604492,2.972548723220825,0.3924649655818939,0.4034358561038971,0.4004952013492584,0.07965242862701416,0.2682737112045288,0.26341867446899414,0.07480371743440628,23.9454402923584,23.959686279296875,0.047677747905254364,23.214765548706055,23.209320068359375,0.021773837506771088,142.09120178222656,145.14999389648438,3.1836981773376465,4.88040018081665,4.869999885559082,0.019895704463124275,27.840002059936523,27.84000015258789,1.9073486328125e-06
LC09_L1TP_195027_20220113_20230502_02_T1,LANDSAT_9,20220113,0.09342499822378159,0.07716294378042221,0.04050798714160919,0.07070012390613556,0.047046080231666565,0.047712765634059906,0.05101644992828369,0.031956981867551804,0.03778979182243347,0.12448613345623016,0.12279829382896423,0.005250523332506418,0.6549039483070374,0.6822944283485413,0.14879506826400757,0.3333311080932617,0.4102269113063812,0.18441948294639587,0.47407108545303345,0.5575371980667114,0.1827128678560257,-0.07108086347579956,-0.08509103208780289,0.06926220655441284,0.1649644523859024,0.18628719449043274,0.10638348013162613,0.3333311080932617,0.4102269113063812,0.18441948294639587,0.47407108545303345,0.5575371980667114,0.1827128678560257,1.5607045888900757,1.6424695253372192,0.37298670411109924,1.7743617296218872,1.869590163230896,0.4205634295940399,0.6970207691192627,0.6540482044219971,0.14677247405052185,0.4924292266368866,0.4485790431499481,0.1301167905330658,2.026813268661499,2.113983154296875,0.14441773295402527,1.222888708114624,1.22784423828125,0.09861011803150177,121.40230560302734,121.39999389648438,0.00421736529096961,4.823077201843262,4.820000171661377,0.0046152700670063496,70.97230529785156,70.97000122070312,0.004214152228087187
LC09_L1TP_194027_20220311_20230425_02_T1,LANDSAT_9,20220311,0.0214436873793602,0.02146562747657299,0.00030017230892553926,0.005423324648290873,0.005280676763504744,0.0003960682079195976,0.0028488188982009888,0.0028117920737713575,0.0002551197831053287,0.0790223479270935,0.07902166247367859,0.0001993831101572141,1.0264067649841309,1.02666175365448,0.007606033701449633,0.8314340114593506,0.8352943062782288,0.010538560338318348,0.907758891582489,0.9088382124900818,0.007548376452177763,-0.26458287239074707,-0.26396259665489197,0.0044344705529510975,0.4661372900009155,0.4660360515117645,0.004400770179927349,0.8314340114593506,0.8352943062782288,0.010538560338318348,0.907758891582489,0.9088382124900818,0.007548376452177763,3.5657243728637695,3.5886173248291016,0.06633307039737701,3.943183183670044,3.9435040950775146,0.06334763765335083,0.2527884542942047,0.24881114065647125,0.015917327255010605,0.1327728033065796,0.13128001987934113,0.010601180605590343,4.915625095367432,4.918731689453125,0.04139125347137451,4.726263523101807,4.722564697265625,0.04500952363014221,52.730010986328125,52.730010986328125,0.0,5.243599891662598,5.239999771118164,0.004800109658390284,54.31999588012695,54.31999969482422,3.814697265625e-06
LC09_L1TP_194027_20220327_20230423_02_T1,LANDSAT_9,20220327,0.02408543787896633,0.02395283430814743,0.0004564827249851078,0.006418876815587282,0.006361533422023058,0.0002907854213844985,0.0032578185200691223,0.0032255658879876137,0.00019261750276200473,0.07690772414207458,0.07692085951566696,0.00019699880795087665,0.8955118060112,0.8969517946243286,0.007151561323553324,0.8174737691879272,0.8181047439575195,0.007133444771170616,0.9030063152313232,0.9036145806312561,0.0051799253560602665,-0.24848195910453796,-0.24953274428844452,0.005872573237866163,0.45255523920059204,0.4539918601512909,0.0060393791645765305,0.8174737691879272,0.8181047439575195,0.007133444771170616,0.9030063152313232,0.9036145806312561,0.0051799253560602665,3.4077277183532715,3.423229694366455,0.0623328723013401,3.801612138748169,3.8140828609466553,0.06734903156757355,0.26642608642578125,0.266832560300827,0.008612890727818012,0.13518927991390228,0.13516883552074432,0.006028881762176752,9.626712799072266,9.63287353515625,0.030554231256246567,9.604840278625488,9.595367431640625,0.036493655294179916,51.64960479736328,51.650001525878906,0.0019600132945924997,5.199599742889404,5.199999809265137,0.004454190377146006,47.959999084472656,47.959999084472656,0.0
LC09_L1TP_195027_20220419_20230421_02_T1,LANDSAT_9,20220419,0.015807397663593292,0.015772461891174316,0.0003041077870875597,0.00366516737267375,0.0035706376656889915,0.00027749955188483,0.0019533142913132906,0.001952283433638513,0.00019215968495700508,0.06480531394481659,0.06481096148490906,0.00013549371215049177,1.0767381191253662,1.079134225845337,0.008623624220490456,0.8570125102996826,0.8599496483802795,0.009228093549609184,0.9211686849594116,0.9214473962783813,0.00705115869641304,-0.25598129630088806,-0.2548545002937317,0.005802105646580458,0.5011892914772034,0.5020276308059692,0.005932388827204704,0.8570125102996826,0.8599496483802795,0.009228093549609184,0.9211686849594116,0.9214473962783813,0.00705115869641304,3.8152284622192383,3.83819580078125,0.07960575073957443,4.182681083679199,4.1971025466918945,0.08329307287931442,0.2317042499780655,0.2289949208498001,0.014114949852228165,0.12344837188720703,0.12140525132417679,0.010377760976552963,12.393293380737305,12.38922119140625,0.05518670007586479,11.974732398986816,11.979766845703125,0.04243670403957367,123.65280151367188,123.64999389648438,0.0066447388380765915,5.077199935913086,5.079999923706055,0.004489877726882696,38.869998931884766,38.869998931884766,0.0
LC09_L1TP_194027_20220428_20230418_02_T1,LANDSAT_9,20220428,0.019325293600559235,0.019244736060500145,0.00043563893996179104,0.005031475331634283,0.004873340483754873,0.00041096360655501485,0.0027976923156529665,0.002710170578211546,0.0002374606701778248,0.06910800188779831,0.06909706443548203,0.0002480983966961503,1.042878270149231,1.0434653759002686,0.007759195286780596,0.8225460648536682,0.8265488147735596,0.012158181518316269,0.8972644209861755,0.900320291519165,0.00765139190480113,-0.21986731886863708,-0.22093603014945984,0.00785881094634533,0.4553403854370117,0.45568737387657166,0.007292992901057005,0.8225460648536682,0.8265488147735596,0.012158181518316269,0.8972644209861755,0.900320291519165,0.00765139190480113,3.363083600997925,3.383044481277466,0.08908247202634811,3.70161509513855,3.7120182514190674,0.07973377406597137,0.2600994408130646,0.2562185525894165,0.016244780272245407,0.1446666568517685,0.14064490795135498,0.010269587859511375,11.833752632141113,11.81597900390625,0.07563219219446182,11.49740982055664,11.494293212890625,0.038863230496644974,48.608402252197266,48.61000061035156,0.003666844218969345,5.041600227355957,5.039999961853027,0.004630392882972956,36.45000076293945,36.45000076293945,0.0
LC09_L1TP_195027_20220708_20230408_02_T1,LANDSAT_9,20220708,0.01612532138824463,0.01573559083044529,0.0010200486285611987,0.00425409572198987,0.003956768196076155,0.0006538213929161429,0.002423460828140378,0.002310015494003892,0.0003445935726631433,0.06537316739559174,0.06524097919464111,0.0006392981740646064,1.0459818840026855,1.0583384037017822,0.031268734484910965,0.8411420583724976,0.8471851944923401,0.017443232238292694,0.9062095880508423,0.9077066779136658,0.009815138764679432,-0.26725202798843384,-0.2698586583137512,0.012035342864692211,0.5058379173278809,0.5098614692687988,0.013547294773161411,0.8411420583724976,0.8471851944923401,0.017443232238292694,0.9062095880508423,0.9077066779136658,0.009815138764679432,3.789034128189087,3.8248531818389893,0.17178891599178314,4.159269332885742,4.194554805755615,0.16056367754936218,0.2625473737716675,0.2548432946205139,0.023502903059124947,0.14968731999397278,0.1474924087524414,0.012034707702696323,20.37055206298828,20.368682861328125,0.05965032801032066,19.296483993530273,19.266754150390625,0.0694781243801117,139.66360473632812,139.66000366210938,0.004804688040167093,4.8308000564575195,4.829999923706055,0.0048332433216273785,29.020000457763672,29.020000457763672,0.0
LC09_L1TP_194027_20220717_20230407_02_T1,LANDSAT_9,20220717,0.01839965023100376,0.018044359982013702,0.0010375420097261667,0.005484176333993673,0.0051988279446959496,0.0009685314726084471,0.0033430978655815125,0.003147265175357461,0.0007011945708654821,0.07146359980106354,0.07141978293657303,0.0002633105614222586,0.9117796421051025,0.9175034761428833,0.014000006951391697,0.8491963744163513,0.8558499813079834,0.0228114053606987,0.9052954912185669,0.9098799824714661,0.017863089218735695,-0.30496183037757874,-0.30779504776000977,0.015241546556353569,0.5694535970687866,0.5743973851203918,0.015824325382709503,0.8491963744163513,0.8558499813079834,0.0228114053606987,0.9052954912185669,0.9098799824714661,0.017863089218735695,4.273383617401123,4.360162734985352,0.27561163902282715,4.692052841186523,4.742640495300293,0.29066377878189087,0.296257883310318,0.28768840432167053,0.03466333448886871,0.18026870489120483,0.17425207793712616,0.02729082480072975,22.479751586914062,22.47503662109375,0.011876171454787254,21.424367904663086,21.4080810546875,0.04281161352992058,39.977195739746094,39.97999572753906,0.005303685087710619,5.44320011138916,5.440000057220459,0.004664645995944738,30.920000076293945,30.920000076293945,0.0
LC09_L1TP_195027_20220724_20230406_02_T1,LANDSAT_9,20220724,0.02441035583615303,0.023180032148957253,0.0030785014387220144,0.007277775555849075,0.005818462464958429,0.004284815862774849,0.004213694483041763,0.002862309804186225,0.0037581543438136578,0.07658936828374863,0.07628530263900757,0.0012233476154506207,0.8797237277030945,0.8934308886528015,0.032524995505809784,0.8131634593009949,0.8406171202659607,0.07975486665964127,0.8894312381744385,0.918120801448822,0.07787969708442688,-0.21426181495189667,-0.22476334869861603,0.025835799053311348,0.4733470678329468,0.4879628121852875,0.03393128514289856,0.8131634593009949,0.8406171202659607,0.07975486665964127,0.8894312381744385,0.918120801448822,0.07787969708442688,3.4240775108337402,3.5815093517303467,0.41229578852653503,3.796687364578247,3.9846723079681396,0.47138720750808716,0.285446435213089,0.2522430717945099,0.10561832040548325,0.16039134562015533,0.1251281350851059,0.10153522342443466,23.578222274780273,23.561279296875,0.04208897799253464,22.063312530517578,22.09332275390625,0.09416674822568893,137.94439697265625,137.94000244140625,0.004961143713444471,4.8184003829956055,4.820000171661377,0.004630392882972956,31.520000457763672,31.520000457763672,0.0
LC09_L1TP_194027_20220802_20230404_02_T1,LANDSAT_9,20220802,0.01720944419503212,0.01703380048274994,0.0005847555585205555,0.004422992933541536,0.004294640384614468,0.00044669763883575797,0.0024262259248644114,0.0023644587490707636,0.0002693687565624714,0.07323425263166428,0.07327431440353394,0.00015238898049574345,0.9708589315414429,0.9735777974128723,0.008213703520596027,0.8622186183929443,0.8653554916381836,0.011941039934754372,0.9219813346862793,0.9233778119087219,0.007844270206987858,-0.2830997705459595,-0.2854231297969818,0.00969795323908329,0.5526663661003113,0.5537347197532654,0.009954877197742462,0.8622186183929443,0.8653554916381836,0.011941039934754372,0.9219813346862793,0.9233778119087219,0.007844270206987858,4.190493583679199,4.235361099243164,0.14510846138000488,4.615127086639404,4.654702663421631,0.14334736764431,0.25653305649757385,0.25105780363082886,0.016717294231057167,0.14072543382644653,0.13940218091011047,0.011411336250603199,21.728221893310547,21.72943115234375,0.022003712132573128,20.080297470092773,20.093505859375,0.03452543914318085,42.88600158691406,42.87999725341797,0.007481653708964586,5.254799842834473,5.25,0.004996112547814846,34.0099983215332,34.0099983215332,0.0
LC09_L1TP_195027_20220809_20230403_02_T1,LANDSAT_9,20220809,0.021192846819758415,0.021172307431697845,0.000957070617005229,0.007760895416140556,0.00782348494976759,0.0008236494031734765,0.005564451217651367,0.005525337532162666,0.0006309772725217044,0.07081332802772522,0.07080255448818207,0.00028698332607746124,0.8576509356498718,0.8582965731620789,0.014102320186793804,0.7818582653999329,0.7821648120880127,0.01859813742339611,0.8386069536209106,0.839716374874115,0.015356018207967281,-0.25582078099250793,-0.2554186284542084,0.010761767625808716,0.49841082096099854,0.4994220733642578,0.012953565455973148,0.7818582653999329,0.7821648120880127,0.01859813742339611,0.8386069536209106,0.839716374874115,0.015356018207967281,3.4289681911468506,3.432685613632202,0.155769482254982,3.7097272872924805,3.7124552726745605,0.16220027208328247,0.36527642607688904,0.3635292053222656,0.023383060470223427,0.26180240511894226,0.26097002625465393,0.018833015114068985,22.078472137451172,22.0794677734375,0.021010570228099823,21.193178176879883,21.182861328125,0.07724852859973907,128.3588104248047,128.36000061035156,0.008631404489278793,4.966799736022949,4.96999979019165,0.004664645995944738,35.11000061035156,35.11000061035156,0.0
LC09_L1TP_195027_20220825_20230401_02_T1,LANDSAT_9,20220825,0.017944397404789925,0.017832264304161072,0.00043307969463057816,0.004553843289613724,0.00451646326109767,0.00032370659755542874,0.0026309690438210964,0.0025956679601222277,0.0002809944562613964,0.07384531944990158,0.07388581335544586,0.0003537803131621331,0.8582596778869629,0.8598951101303101,0.00759767135605216,0.8861125707626343,0.8860512971878052,0.007149511016905308,0.9325893521308899,0.9336650371551514,0.0067512900568544865,-0.3779192268848419,-0.37850064039230347,0.007200456224381924,0.6154835224151611,0.6172356605529785,0.006568152457475662,0.8861125707626343,0.8860512971878052,0.007149511016905308,0.9325893521308899,0.9336650371551514,0.0067512900568544865,5.121150016784668,5.13988733291626,0.133842334151268,5.599947929382324,5.6286444664001465,0.15190796554088593,0.2535606622695923,0.25297608971595764,0.012766405940055847,0.14642179012298584,0.1459852159023285,0.013027658686041832,21.579944610595703,21.591339111328125,0.03135024756193161,20.527183532714844,20.520050048828125,0.030272619798779488,124.01639556884766,124.01998901367188,0.00889023020863533,4.927999973297119,4.929999828338623,0.004898904822766781,39.599998474121094,39.599998474121094,0.0
LC09_L1TP_194027_20221005_20230326_02_T1,LANDSAT_9,20221005,0.013449295423924923,0.013369016349315643,0.00034435614361427724,0.002850690856575966,0.002823477378115058,0.00029468239517882466,0.0015947500942274928,0.0015988311497494578,0.00010377170838182792,0.07050133496522903,0.07045098394155502,0.00022848018852528185,1.0753182172775269,1.0756614208221436,0.007724488154053688,0.8956565260887146,0.8957288861274719,0.009677696041762829,0.9402179718017578,0.9398210644721985,0.0035373547580093145,-0.3692100942134857,-0.3706966042518616,0.007951757870614529,0.5874390602111816,0.5887266993522644,0.006753863766789436,0.8956565260887146,0.8957288861274719,0.009677696041762829,0.9402179718017578,0.9398210644721985,0.0035373547580093145,4.969926834106445,5.0191121101379395,0.14151600003242493,5.382380485534668,5.3872456550598145,0.11056004464626312,0.21173901855945587,0.21119560301303864,0.018484506756067276,0.1185467317700386,0.11779391020536423,0.006568729877471924,14.949462890625,14.94525146484375,0.054915718734264374,14.407675743103027,14.42315673828125,0.04902825504541397,59.53799819946289,59.53999328613281,0.003997804597020149,5.353600025177002,5.349999904632568,0.004800109658390284,53.9900016784668,53.9900016784668,0.0
LC09_L1TP_194027_20230210_20230310_02_T1,LANDSAT_9,20230210,0.022960489615797997,0.023003770038485527,0.0005166830378584564,0.0050241281278431416,0.0048924037255346775,0.0003557854797691107,0.0025026509538292885,0.00249323807656765,0.00023351190611720085,0.08986807614564896,0.08989816904067993,0.0002634803531691432,1.0415074825286865,1.0421254634857178,0.006857937667518854,0.8591761589050293,0.8617944121360779,0.008936859667301178,0.9272847175598145,0.9272480607032776,0.0063536022789776325,-0.28340399265289307,-0.28539684414863586,0.007586799096316099,0.48558422923088074,0.48598626255989075,0.00742490915581584,0.8591761589050293,0.8617944121360779,0.008936859667301178,0.9272847175598145,0.9272480607032776,0.0063536022789776325,3.840653896331787,3.858111619949341,0.08541828393936157,4.220825672149658,4.22366189956665,0.09149857610464096,0.2187264859676361,0.21576711535453796,0.013111190870404243,0.10891087353229523,0.10950356721878052,0.008689232170581818,2.2653515338897705,2.26068115234375,0.03725346550345421,1.9949487447738647,1.99749755859375,0.03480984643101692,43.10239791870117,43.100006103515625,0.00585191510617733,4.9355998039245605,4.940000057220459,0.004963983315974474,64.83999633789062,64.83999633789062,0.0
LC09_L1TP_194027_20230602_20230602_02_T1,LANDSAT_9,20230602,0.029579589143395424,0.029484283179044724,0.00036463583819568157,0.007287908345460892,0.007193523459136486,0.00033099378924816847,0.00397063884884119,0.00394039461389184,0.00017455776105634868,0.07669764757156372,0.076734758913517,0.0002329856069991365,0.8173449635505676,0.8181021213531494,0.00519074872136116,0.8126572966575623,0.8146947026252747,0.0071916282176971436,0.8933753967285156,0.8944446444511414,0.0042007844895124435,-0.16411395370960236,-0.164499431848526,0.0035102057736366987,0.40887320041656494,0.4097381830215454,0.004172314889729023,0.8126572966575623,0.8146947026252747,0.0071916282176971436,0.8933753967285156,0.8944446444511414,0.0042007844895124435,3.030196189880371,3.042741060256958,0.0413275882601738,3.329545259475708,3.3397128582000732,0.037181396037340164,0.2463068962097168,0.24384604394435883,0.00866959523409605,0.13420222699642181,0.13307377696037292,0.004743754398077726,19.61476707458496,19.61737060546875,0.016553696244955063,18.382890701293945,18.391754150390625,0.05828551575541496,36.38839340209961,36.389991760253906,0.003664849093183875,4.969599723815918,4.96999979019165,0.004454190377146006,29.190000534057617,29.190000534057617,0.0
LC09_L1TP_195027_20230609_20230610_02_T1,LANDSAT_9,20230609,0.03637625277042389,0.036210376769304276,0.0015978091396391392,0.01573587954044342,0.015771226957440376,0.0012337119551375508,0.011595478281378746,0.01146586425602436,0.001002138014882803,0.07553514093160629,0.075468510389328,0.0002283884969074279,0.7339193224906921,0.7331684827804565,0.01605577953159809,0.6542349457740784,0.6534850001335144,0.0190002229064703,0.7330878376960754,0.7350473999977112,0.01704537495970726,-0.12286178767681122,-0.12291274219751358,0.009602554142475128,0.34810543060302734,0.35049673914909363,0.013789725489914417,0.6542349457740784,0.6534850001335144,0.0190002229064703,0.7330878376960754,0.7350473999977112,0.01704537495970726,2.339813470840454,2.334913730621338,0.08055900037288666,2.54179310798645,2.55608868598938,0.08763399720191956,0.4321218729019165,0.4315723478794098,0.018987445160746574,0.3182997703552246,0.3175504505634308,0.01548726111650467,20.526025772094727,20.53619384765625,0.018552564084529877,19.466001510620117,19.46783447265625,0.031041530892252922,132.07119750976562,132.07000732421875,0.007647293619811535,5.274799823760986,5.269999980926514,0.004996112547814846,28.040000915527344,28.040000915527344,0.0
LC09_L1TP_195027_20230625_20230625_02_T1,LANDSAT_9,20230625,0.01887054741382599,0.018729232251644135,0.000572872522752732,0.004167985171079636,0.004008547868579626,0.0006757060764357448,0.0020264671184122562,0.0019250106997787952,0.0003971533151343465,0.07251904159784317,0.07257294654846191,0.00025950989220291376,0.8688446283340454,0.8671103715896606,0.01156745757907629,0.9003043174743652,0.9033844470977783,0.014379135333001614,0.9502437114715576,0.9524341821670532,0.009077116847038269,-0.3580528199672699,-0.3604520559310913,0.00844564102590084,0.6156413555145264,0.6175996661186218,0.007967711426317692,0.9003043174743652,0.9033844470977783,0.014379135333001614,0.9502437114715576,0.9524341821670532,0.009077116847038269,5.184624195098877,5.2368693351745605,0.19611160457134247,5.713031768798828,5.745355606079102,0.18728381395339966,0.2202613651752472,0.21402627229690552,0.028184209018945694,0.10701589286327362,0.10290554910898209,0.017173834145069122,22.629926681518555,22.62847900390625,0.02269972674548626,21.48672866821289,21.4620361328125,0.07997458428144455,146.20001220703125,146.20001220703125,0.0,4.695599555969238,4.699999809265137,0.004963746294379234,27.979999542236328,27.979999542236328,0.0
LC09_L1TP_195027_20230711_20230711_02_T1,LANDSAT_9,20230711,0.02810605801641941,0.027636872604489326,0.0016470709815621376,0.008493974804878235,0.00789624359458685,0.0014423939865082502,0.004843335598707199,0.004430160857737064,0.001142613124102354,0.08396743983030319,0.08394357562065125,0.00025448985979892313,0.8335020542144775,0.8396639823913574,0.017253544181585312,0.8365728855133057,0.846394419670105,0.023049727082252502,0.9035032391548157,0.9112535119056702,0.019903510808944702,-0.27305638790130615,-0.27566608786582947,0.013733102940022945,0.5442394018173218,0.5477085709571838,0.016329705715179443,0.8365728855133057,0.846394419670105,0.023049727082252502,0.9035032391548157,0.9112535119056702,0.019903510808944702,3.960503578186035,4.0375657081604,0.21474610269069672,4.399332523345947,4.478479862213135,0.23663845658302307,0.3007826507091522,0.28688526153564453,0.03272297978401184,0.1709807962179184,0.1602989137172699,0.0279023926705122,25.393449783325195,25.37774658203125,0.05639151856303215,24.097265243530273,24.125518798828125,0.07802154868841171,133.36439514160156,133.36000061035156,0.008978228084743023,4.947199821472168,4.949999809265137,0.004489877726882696,29.389999389648438,29.389999389648438,0.0
LC09_L1TP_194027_20230821_20230821_02_T1,LANDSAT_9,20230821,0.026111846789717674,0.02590085007250309,0.0006276571075432003,0.007358925882726908,0.0072203706949949265,0.0003307947190478444,0.00398368202149868,0.003931377083063126,0.00019673052884172648,0.08680395781993866,0.08668305724859238,0.000291522330371663,0.8503251671791077,0.8502750992774963,0.006104570347815752,0.867068886756897,0.8691197633743286,0.005479814950376749,0.9257732629776001,0.926565945148468,0.0034827834460884333,-0.32399263978004456,-0.3252849876880646,0.008068736642599106,0.5966304540634155,0.5982463359832764,0.007201745640486479,0.867068886756897,0.8691197633743286,0.005479814950376749,0.9257732629776001,0.926565945148468,0.0034827834460884333,4.618097305297852,4.652681827545166,0.10810496658086777,5.135563373565674,5.139675617218018,0.1104828417301178,0.2817586660385132,0.2802356481552124,0.008743314072489738,0.1525469571352005,0.15136690437793732,0.006198257207870483,23.481168746948242,23.4879150390625,0.03183651342988014,21.654550552368164,21.656829833984375,0.027891626581549644,47.57278823852539,47.56999206542969,0.004490950144827366,5.398799896240234,5.400000095367432,0.004308180883526802,38.88800048828125,38.88999938964844,0.0039993287064135075
LC09_L1TP_194027_20230906_20230906_02_T1,LANDSAT_9,20230906,0.0197150781750679,0.01945894956588745,0.0006930615054443479,0.004120193421840668,0.003991580568253994,0.0003721312677953392,0.002041245810687542,0.0019680694676935673,0.00024704355746507645,0.07834142446517944,0.07833477109670639,0.00020062286057509482,0.8587921857833862,0.8589094877243042,0.007321074139326811,0.9085156321525574,0.9109737277030945,0.007474456448107958,0.953611433506012,0.9550490975379944,0.005241068080067635,-0.3784916400909424,-0.38074204325675964,0.011217284016311169,0.6267358660697937,0.6294537782669067,0.009401874616742134,0.9085156321525574,0.9109737277030945,0.007474456448107958,0.953611433506012,0.9550490975379944,0.005241068080067635,5.445650100708008,5.501183986663818,0.18812969326972961,5.965256214141846,6.034884452819824,0.1957150250673294,0.208705335855484,0.20523378252983093,0.012970841489732265,0.10333044081926346,0.10142849385738373,0.00960352923721075,20.577791213989258,20.586395263671875,0.05268382281064987,19.755769729614258,19.756744384765625,0.00733071006834507,52.220001220703125,52.220001220703125,0.0,5.273599624633789,5.269999980926514,0.004800110124051571,43.81999588012695,43.81999969482422,3.814697265625e-06
LC09_L1TP_195027_20230929_20230929_02_T1,LANDSAT_9,20230929,0.019881751388311386,0.019723953679203987,0.00046377835678867996,0.00503265205770731,0.004939002450555563,0.0003943547490052879,0.0027158090379089117,0.0026619285345077515,0.00021249090787023306,0.07178304344415665,0.07180806994438171,0.0002712321002036333,0.8580921292304993,0.8582996129989624,0.007215261925011873,0.854422926902771,0.8563434481620789,0.0099974749609828,0.9187014102935791,0.9198843240737915,0.005822222679853439,-0.29087185859680176,-0.292485773563385,0.007714647799730301,0.5263919234275818,0.5289130210876465,0.007312695030122995,0.854422926902771,0.8563434481620789,0.0099974749609828,0.9187014102935791,0.9198843240737915,0.005822222679853439,4.027148246765137,4.042526721954346,0.10385450720787048,4.4391398429870605,4.464288234710693,0.09868695586919785,0.25295451283454895,0.2483656257390976,0.015919627621769905,0.13651105761528015,0.13464699685573578,0.008703501895070076,17.001115798950195,16.992828369140625,0.039481502026319504,15.63383674621582,15.623992919921875,0.10071137547492981,127.95999908447266,127.96000671386719,7.62939453125e-06,4.686800003051758,4.690000057220459,0.0046648685820400715,51.41999816894531,51.41999816894531,0.0
LC09_L1TP_194027_20231227_20231227_02_T1,LANDSAT_9,20231227,0.0215175598859787,0.02146642655134201,0.0003798471298068762,0.006793871987611055,0.00679656071588397,0.0003342931449878961,0.004554368555545807,0.004508604295551777,0.00023979107209015638,0.09428673982620239,0.0943109542131424,0.0003376082458999008,1.104433536529541,1.1031341552734375,0.007914308458566666,0.8135169744491577,0.8137805461883545,0.007796465884894133,0.8710005879402161,0.8720157146453857,0.006486734375357628,-0.31199169158935547,-0.3137897551059723,0.008160736411809921,0.5085746049880981,0.5088529586791992,0.005602691788226366,0.8135169744491577,0.8137805461883545,0.007796465884894133,0.8710005879402161,0.8720157146453857,0.006486734375357628,3.7836754322052,3.7857158184051514,0.07237273454666138,4.108250617980957,4.118866920471191,0.06852946430444717,0.3157176077365875,0.31446513533592224,0.013894995674490929,0.2116994708776474,0.21019069850444794,0.011325536295771599,3.5964856147766113,3.593994140625,0.02693459764122963,3.0055041313171387,3.006195068359375,0.026771990582346916,61.0420036315918,61.03999328613281,0.0074857319705188274,5.1551995277404785,5.159999847412109,0.004995874594897032,72.70999908447266,72.70999908447266,0.0
LC09_L1TP_195027_20240510_20240510_02_T1,LANDSAT_9,20240510,0.027594804763793945,0.026363860815763474,0.003707755822688341,0.010258193127810955,0.008914397098124027,0.003833957016468048,0.007355323992669582,0.0062353359535336494,0.00363877578638494,0.07021796703338623,0.07007050514221191,0.000602419488132,0.8877742886543274,0.9073857665061951,0.05050398409366608,0.7095639705657959,0.7313327193260193,0.06607315689325333,0.7846482992172241,0.8054333925247192,0.0704946219921112,-0.1417161524295807,-0.14821907877922058,0.023286357522010803,0.3648323118686676,0.37598204612731934,0.03528783097863197,0.7095639705657959,0.7313327193260193,0.06607315689325333,0.7846482992172241,0.8054333925247192,0.0704946219921112,2.568732261657715,2.6543378829956055,0.24331216514110565,2.788281202316284,2.88765811920166,0.2792808413505554,0.36454662680625916,0.3482726514339447,0.077973872423172,0.25836873054504395,0.2375476211309433,0.07932108640670776,13.861915588378906,13.8531494140625,0.056103602051734924,13.170758247375488,13.165924072265625,0.04980224743485451,126.54400634765625,126.54000854492188,0.00848464947193861,5.144000053405762,5.139999866485596,0.004899091552942991,32.47999954223633,32.47999954223633,0.0
LC09_L1TP_195027_20240729_20240729_02_T1,LANDSAT_9,20240729,0.03263083100318909,0.03360622003674507,0.003504570107907057,0.013447239063680172,0.013998624868690968,0.0033286993857473135,0.00916446465998888,0.010005811229348183,0.0026023047976195812,0.07176568359136581,0.07171624153852463,0.0006893071113154292,0.7367415428161621,0.7256393432617188,0.03549107909202576,0.6756817698478699,0.6626436710357666,0.06061773747205734,0.7671489119529724,0.747450590133667,0.05354918912053108,-0.14205540716648102,-0.13869033753871918,0.02239518240094185,0.3562051057815552,0.3464294970035553,0.03292284905910492,0.6756817698478699,0.6626436710357666,0.06061773747205734,0.7671489119529724,0.747450590133667,0.05354918912053108,2.463932514190674,2.3734405040740967,0.2685360014438629,2.7146973609924316,2.590735912322998,0.28811851143836975,0.405843049287796,0.4229107201099396,0.06225758418440819,0.2754603624343872,0.29773688316345215,0.05272843316197395,20.268705368041992,20.265228271484375,0.043066222220659256,18.495820999145508,18.496063232421875,0.03843364492058754,137.17320251464844,137.17001342773438,0.004662208259105682,4.840400218963623,4.840000152587891,0.004454190377146006,32.70000076293945,32.70000076293945,0.0
LC09_L1TP_194027_20240823_20240823_02_T1,LANDSAT_9,20240823,0.026937738060951233,0.02693008817732334,0.000549130782019347,0.005702788941562176,0.005613948684185743,0.00034490309190005064,0.0025254434440284967,0.0024434607475996017,0.00020587285689543933,0.07676251232624054,0.07678715884685516,0.0002815666957758367,0.8350242376327515,0.8361635804176331,0.007463105022907257,0.8631945848464966,0.8646618723869324,0.007286895532160997,0.9370182752609253,0.938802182674408,0.0047685629688203335,-0.22193214297294617,-0.22205325961112976,0.006033505313098431,0.48487067222595215,0.4851042926311493,0.0065884897485375404,0.8631945848464966,0.8646618723869324,0.007286895532160997,0.9370182752609253,0.938802182674408,0.0047685629688203335,3.6764955520629883,3.6850533485412598,0.07563653588294983,4.07255744934082,4.078692436218262,0.0743274986743927,0.21157358586788177,0.20902828872203827,0.009203475899994373,0.09368258714675903,0.09179678559303284,0.0063292598351836205,22.120058059692383,22.137237548828125,0.05703218653798103,21.052715301513672,21.050537109375,0.05054764077067375,48.3800048828125,48.3800048828125,0.0,5.195199489593506,5.199999809265137,0.004995874594897032,39.69559860229492,39.70000076293945,0.004964930005371571
LC09_L1TP_194027_20250114_20250114_02_T1,LANDSAT_9,20250114,,,,,,,,,,,,,,,,,,,,,,,,,,,,,,,,,,,,,,,,,,,,,,,,,,,,,,,,,,,,
LC09_L1TP_194027_20250303_20250303_02_T1,LANDSAT_9,20250303,0.018243277445435524,0.018186984583735466,0.0003793537907768041,0.0040403916500508785,0.003963342402130365,0.0003237481869291514,0.0019824127666652203,0.0019261104753240943,0.00019547312695067376,0.07837071269750595,0.07834108173847198,0.00023636658443138003,1.0068156719207764,1.006896734237671,0.005758852232247591,0.8727259635925293,0.8745607137680054,0.009340659715235233,0.9354575872421265,0.937198281288147,0.00602606451138854,-0.33982527256011963,-0.3400537073612213,0.007144212257117033,0.5302479863166809,0.5312649011611938,0.006923703011125326,0.8727259635925293,0.8745607137680054,0.009340659715235233,0.9354575872421265,0.937198281288147,0.00602606451138854,4.331112861633301,4.321671009063721,0.11007749289274216,4.771335601806641,4.795958518981934,0.11215738207101822,0.2213088870048523,0.2190668284893036,0.014461939223110676,0.10852891206741333,0.10633916407823563,0.008615261875092983,3.9685912132263184,3.9710693359375,0.024791287258267403,3.7600293159484863,3.767242431640625,0.04432353004813194,53.321998596191406,53.31999969482422,0.003997802734375,5.129199981689453,5.130000114440918,0.0048332433216273785,57.31999588012695,57.31999969482422,3.814697265625e-06
LC09_L1TP_194027_20250319_20250319_02_T1,LANDSAT_9,20250319,0.015314788557589054,0.015140477567911148,0.0007614285568706691,0.003537015290930867,0.0031807690393179655,0.0012803326826542616,0.001969529315829277,0.0016539975767955184,0.0011593374656513333,0.07274939864873886,0.07274431735277176,0.00026162888389080763,0.9939326643943787,1.000000238418579,0.017784779891371727,0.8823985457420349,0.8922995924949646,0.03564699366688728,0.9331581592559814,0.9423823952674866,0.03428046405315399,-0.3816929757595062,-0.38661473989486694,0.013166820630431175,0.570883572101593,0.5734767913818359,0.012749271467328072,0.8823985457420349,0.8922995924949646,0.03564699366688728,0.9331581592559814,0.9423823952674866,0.03428046405315399,4.821829319000244,4.931820392608643,0.3428967297077179,5.260097026824951,5.365024566650391,0.3787839710712433,0.22814247012138367,0.21186409890651703,0.06500989943742752,0.1260155439376831,0.11042936146259308,0.06247246637940407,6.167332649230957,6.177703857421875,0.03750646859407425,5.969471454620361,5.9693603515625,0.02099689282476902,52.1199951171875,52.1199951171875,0.0,5.254799842834473,5.25,0.004996112547814846,51.040000915527344,51.040000915527344,0.0
LC09_L1TP_194027_20250404_20250404_02_T1,LANDSAT_9,20250404,0.0174065213650465,0.017260108143091202,0.0004475415626075119,0.004114264622330666,0.0040827300399541855,0.00029620330315083265,0.0021804561838507652,0.0021962227765470743,0.0001817940064938739,0.07149459421634674,0.07147599756717682,0.00020189586211927235,0.9082691669464111,0.9074327945709229,0.006042282562702894,0.8691136837005615,0.8696045279502869,0.008618476800620556,0.9284278750419617,0.9280444979667664,0.005673619452863932,-0.3587334156036377,-0.3620334267616272,0.009172213263809681,0.5428242683410645,0.5451506972312927,0.008282746188342571,0.8691136837005615,0.8696045279502869,0.008618476800620556,0.9284278750419617,0.9280444979667664,0.005673619452863932,4.44629430770874,4.4914140701293945,0.1218767985701561,4.884634017944336,4.934688091278076,0.1227295771241188,0.2362324595451355,0.2349102944135666,0.013288053683936596,0.125192791223526,0.12581688165664673,0.008831222541630268,9.640046119689941,9.614349365234375,0.06106758490204811,9.29677963256836,9.291900634765625,0.02014240063726902,50.99000549316406,50.99000549316406,0.0,5.1875996589660645,5.190000057220459,0.0042709289118647575,44.7400016784668,44.7400016784668,0.0
LC09_L1TP_195027_20250411_20250411_02_T1,LANDSAT_9,20250411,0.018194500356912613,0.018112095072865486,0.0003453526005614549,0.0045791189186275005,0.004521328955888748,0.00019479426555335522,0.002659289166331291,0.002621833700686693,0.00017288621165789664,0.06858789175748825,0.06854242086410522,0.00017482152907177806,0.8587886691093445,0.8602789044380188,0.006542049814015627,0.8572049140930176,0.8585184812545776,0.005538300145417452,0.9145247936248779,0.9158077836036682,0.005159080494195223,-0.3172765076160431,-0.3180229067802429,0.0069786724634468555,0.5319628715515137,0.5335177183151245,0.005952366162091494,0.8572049140930176,0.8585184812545776,0.005538300145417452,0.9145247936248779,0.9158077836036682,0.005159080494195223,4.157561302185059,4.174172401428223,0.07294296473264694,4.540646553039551,4.56718635559082,0.08688990771770477,0.2516716718673706,0.24963036179542542,0.009416455402970314,0.14610084891319275,0.14475595951080322,0.007992126978933811,13.189803123474121,13.18646240234375,0.02256530337035656,12.804523468017578,12.800689697265625,0.017968492582440376,123.12480163574219,123.12001037597656,0.008540233597159386,5.169599533081055,5.170000076293945,0.004454224370419979,41.619998931884766,41.619998931884766,0.0
LC09_L1TP_195027_20250614_20250614_02_T1,LANDSAT_9,20250614,,,,,,,,,,,,,,,,,,,,,,,,,,,,,,,,,,,,,,,,,,,,,,,,,,,,,,,,,,,,
LC09_L1TP_195027_20250630_20250630_02_T1,LANDSAT_9,20250630,0.026563551276922226,0.02625107951462269,0.0007511338917538524,0.0057906764559447765,0.005381918046623468,0.0009155359002761543,0.0029284909833222628,0.0026796020101755857,0.0006218812195584178,0.07570486515760422,0.07573302090167999,0.000238451873883605,0.8383955359458923,0.841448187828064,0.00869667436927557,0.8635874390602112,0.8722826242446899,0.01903887465596199,0.9286094903945923,0.9343066215515137,0.014085634611546993,-0.22748041152954102,-0.23066656291484833,0.008086183108389378,0.49655818939208984,0.5012953877449036,0.009563292376697063,0.8635874390602112,0.8722826242446899,0.01903887465596199,0.9286094903945923,0.9343066215515137,0.014085634611546993,3.7518906593322754,3.8179216384887695,0.15119870007038116,4.114484786987305,4.1809611320495605,0.15072613954544067,0.21729569137096405,0.20626600086688995,0.026957478374242783,0.10974746942520142,0.10269773751497269,0.019364461302757263,22.652490615844727,22.6558837890625,0.01880268193781376,20.51799964904785,20.514007568359375,0.0340815931558609,139.7476043701172,139.75,0.004275007173418999,4.834400177001953,4.829999923706055,0.004963983315974474,28.270000457763672,28.270000457763672,0.0
