rank,candidate_id,stability_score,mean_score,std_score,min_score,max_score,n_repeated_folds,final_n_estimators,parameters,source_trials,fold_scores
1,10,0.5634244029951617,0.570503118192296,0.02831486078853707,0.5152607575095519,0.6280685026987437,15,30,"{""colsample_bytree"": 0.9265330091805825, ""gamma"": 0.0005401405183560193, ""learning_rate"": 0.08255087431324883, ""max_depth"": 6, ""min_child_weight"": 1.3523635989268643, ""reg_alpha"": 7.933149024371146e-06, ""reg_lambda"": 2.466173115137998, ""subsample"": 0.7795834001600945}","[{""cv_seed"": 142, ""prescreen_score"": 0.6305098374863318, ""run"": 2, ""trial"": 47, ""tuning_values"": [0.5755736628069547, 0.8834850437540828]}]","[0.5152607575095519, 0.5962734432222775, 0.5921614240554637, 0.5601514390469812, 0.540881405482144, 0.5869600175011159, 0.5509345084464646, 0.576265081445014, 0.5356402039434348, 0.6280685026987437, 0.5891255461918546, 0.5664567305933703, 0.6009503534471335, 0.5660995901999889, 0.5523177691009019]"
2,9,0.5633848820954556,0.5709970981229069,0.0304488641098052,0.5151566151205432,0.6323526774823451,15,151,"{""colsample_bytree"": 0.9128530599134459, ""gamma"": 0.050372159876140035, ""learning_rate"": 0.01632815378879005, ""max_depth"": 6, ""min_child_weight"": 1.341817310957715, ""reg_alpha"": 0.0005094709690651393, ""reg_lambda"": 0.8061874913004878, ""subsample"": 0.7649533785565404}","[{""cv_seed"": 142, ""prescreen_score"": 0.6307419095873912, ""run"": 2, ""trial"": 122, ""tuning_values"": [0.5768766117072321, 0.876179027426055]}]","[0.5151566151205432, 0.604557017708259, 0.5872859002660328, 0.5547811210227286, 0.5403857307509097, 0.585740742845779, 0.5570276191507122, 0.5782044566181974, 0.5310575624391265, 0.6323526774823451, 0.5883876356611949, 0.5585766562529676, 0.6110153148112762, 0.5666314039462262, 0.553796017767305]"
3,2,0.5631109411286898,0.5710475099539382,0.031746275300993505,0.5121964972515548,0.6210370164340236,15,39,"{""colsample_bytree"": 0.9722173342158692, ""gamma"": 0.013691835216905979, ""learning_rate"": 0.08155525544167284, ""max_depth"": 4, ""min_child_weight"": 5.847812920547647, ""reg_alpha"": 0.005257519882494077, ""reg_lambda"": 2.1341603302528727, ""subsample"": 0.7134282475624307}","[{""cv_seed"": 42, ""prescreen_score"": 0.6196724204209307, ""run"": 1, ""trial"": 116, ""tuning_values"": [0.566246834923056, 0.8643187402133987]}]","[0.5121964972515548, 0.6134065643403375, 0.6032309784892567, 0.5588139040276401, 0.5435862305064911, 0.5813557197317826, 0.5400493968793243, 0.5686136751984608, 0.5411854819449484, 0.6210370164340236, 0.5955868368628171, 0.5398878520193627, 0.6104889310970703, 0.5806001218516634, 0.5556734426743386]"
4,22,0.5630079329516492,0.5709715343397337,0.03185440555233818,0.5071542931484575,0.6302467345676784,15,31,"{""colsample_bytree"": 0.8935561213278039, ""gamma"": 0.06027056560719994, ""learning_rate"": 0.08674804397147905, ""max_depth"": 5, ""min_child_weight"": 1.187775034439722, ""reg_alpha"": 0.05308372022239311, ""reg_lambda"": 0.5120858195377581, ""subsample"": 0.9856181109095652}","[{""cv_seed"": 242, ""prescreen_score"": 0.6299231205497235, ""run"": 3, ""trial"": 86, ""tuning_values"": [0.5764809484966276, 0.8726055757111242]}]","[0.5071542931484575, 0.6144985465304736, 0.5993859755647836, 0.554397884477508, 0.5396896062092643, 0.5781858672540857, 0.5530171398609225, 0.5721124719769759, 0.5334797530227177, 0.6302467345676784, 0.5792807732536712, 0.5547200202660706, 0.6099365312925284, 0.5737238644193495, 0.5647435532515178]"
5,5,0.562869056353613,0.5706818723840191,0.03125126412162471,0.5018315195347979,0.6201126040950875,15,36,"{""colsample_bytree"": 0.9718841710266146, ""gamma"": 0.125395581703582, ""learning_rate"": 0.07643934931767554, ""max_depth"": 5, ""min_child_weight"": 3.8711999529003, ""reg_alpha"": 0.0004933974946024523, ""reg_lambda"": 1.2042399285962784, ""subsample"": 0.7351625059280573}","[{""cv_seed"": 42, ""prescreen_score"": 0.6171350727725193, ""run"": 1, ""trial"": 148, ""tuning_values"": [0.5621451635101586, 0.8734666477043784]}]","[0.5018315195347979, 0.6028145902833127, 0.6060793655694319, 0.558228824520942, 0.5417715176423082, 0.5811678152668117, 0.555033293973706, 0.5738396085201156, 0.5316394160251804, 0.6201126040950875, 0.5903544057697931, 0.5507214503509741, 0.608861018309448, 0.5739278235624483, 0.5638448323359279]"
6,21,0.5625857214398453,0.5702206753501335,0.030539815641153,0.510309222644496,0.6252492853002741,15,64,"{""colsample_bytree"": 0.8231762060053037, ""gamma"": 0.2614007674469029, ""learning_rate"": 0.03589061329265111, ""max_depth"": 6, ""min_child_weight"": 4.364378576251283, ""reg_alpha"": 7.048806635602917e-08, ""reg_lambda"": 0.5388371458221382, ""subsample"": 0.7393375325321859}","[{""cv_seed"": 242, ""prescreen_score"": 0.6300372822477445, ""run"": 3, ""trial"": 137, ""tuning_values"": [0.576518159169056, 0.8732263784474938]}]","[0.510309222644496, 0.6012159440102464, 0.5973215839838356, 0.5525945582528057, 0.5337732233083464, 0.5854769828988048, 0.5551266427278128, 0.5783078713144273, 0.5313440199656738, 0.6252492853002741, 0.5920760798535952, 0.5620495434975837, 0.6048486411388281, 0.5694230906115049, 0.5541934407437682]"
7,3,0.5623248861774733,0.5709348744297497,0.03443995300910528,0.5090853467150277,0.625924143737518,15,37,"{""colsample_bytree"": 0.8407277977085943, ""gamma"": 0.314768810455023, ""learning_rate"": 0.09574949731544728, ""max_depth"": 4, ""min_child_weight"": 11.43430053604261, ""reg_alpha"": 0.014417366834054013, ""reg_lambda"": 13.596849581860123, ""subsample"": 0.8244626265437955}","[{""cv_seed"": 42, ""prescreen_score"": 0.6179230316443386, ""run"": 1, ""trial"": 75, ""tuning_values"": [0.5654565921699792, 0.8562735531916339]}]","[0.5090853467150277, 0.6117314140133274, 0.6127675429794636, 0.5520837111142772, 0.5416149460278002, 0.5897049457278078, 0.5436500123948995, 0.5722790937440075, 0.5397913463582428, 0.625924143737518, 0.5982994659777844, 0.5328535339900714, 0.6085397322727061, 0.5786715888669639, 0.5470262925263495]"
8,24,0.5622433377795203,0.570207244708201,0.03185562771472294,0.5128129974484593,0.6269191600051532,15,38,"{""colsample_bytree"": 0.8828414250570772, ""gamma"": 0.053218045777763186, ""learning_rate"": 0.0803355328680376, ""max_depth"": 5, ""min_child_weight"": 1.7633402220897303, ""reg_alpha"": 2.6295643349407948e-08, ""reg_lambda"": 0.8139629112652758, ""subsample"": 0.8673276467603112}","[{""cv_seed"": 242, ""prescreen_score"": 0.6294101508619143, ""run"": 3, ""trial"": 81, ""tuning_values"": [0.5753699797744795, 0.8763319377705774]}]","[0.5128129974484593, 0.6155505901927877, 0.595908379087187, 0.545259449158558, 0.5352784804654455, 0.5809018603341892, 0.5608486372024308, 0.5696593589221468, 0.5331198589342608, 0.6269191600051532, 0.585694625402939, 0.5424126962682053, 0.6095380019946769, 0.5723066304073421, 0.5668979447992339]"
9,13,0.5622402930701772,0.5698242648684353,0.030335887193032325,0.5151706738089543,0.6304934933699222,15,20,"{""colsample_bytree"": 0.915242728337366, ""gamma"": 0.18042551393103023, ""learning_rate"": 0.112170364913025, ""max_depth"": 6, ""min_child_weight"": 1.0402396217178598, ""reg_alpha"": 0.06858047457553863, ""reg_lambda"": 2.0502569332887948, ""subsample"": 0.7681746054050302}","[{""cv_seed"": 142, ""prescreen_score"": 0.6294540681510119, ""run"": 2, ""trial"": 109, ""tuning_values"": [0.5749962499620709, 0.8792849491308328]}]","[0.5151706738089543, 0.6058401162304136, 0.5745692791388155, 0.5579097774025789, 0.5355065647441161, 0.5851206984668905, 0.5545129023560592, 0.5775390383811302, 0.5273151172363525, 0.6304934933699222, 0.5889200393436931, 0.5671353346139063, 0.6083815727098706, 0.5661517891321279, 0.5527975760916995]"
10,18,0.5621978528702469,0.5704690222234237,0.033084677412706744,0.5052610218003881,0.6331111338753538,15,35,"{""colsample_bytree"": 0.9368826274407724, ""gamma"": 0.027152795070874657, ""learning_rate"": 0.08431998874874165, ""max_depth"": 5, ""min_child_weight"": 1.187820934830544, ""reg_alpha"": 0.009886328615483745, ""reg_lambda"": 0.5349208580233894, ""subsample"": 0.9974669592291135}","[{""cv_seed"": 242, ""prescreen_score"": 0.6311443417615209, ""run"": 3, ""trial"": 121, ""tuning_values"": [0.5776113315049332, 0.874209520855822]}]","[0.5052610218003881, 0.6099938824857335, 0.6017587078116879, 0.5485789166613967, 0.5405058719970711, 0.5818250422998302, 0.5472209182786574, 0.5723831391563873, 0.5283400414601827, 0.6331111338753538, 0.5834839127898291, 0.5558551017219054, 0.6074169886270822, 0.5786651328416385, 0.5626355215442104]"
11,1,0.5620995569906349,0.5702798443846949,0.032721149576240165,0.5075521983607313,0.6231980250172686,15,35,"{""colsample_bytree"": 0.9919799910358623, ""gamma"": 0.07313553446959337, ""learning_rate"": 0.07549291978363211, ""max_depth"": 5, ""min_child_weight"": 4.5689620492871885, ""reg_alpha"": 0.0009302861143267503, ""reg_lambda"": 1.7327408500428623, ""subsample"": 0.7202120305450206}","[{""cv_seed"": 42, ""prescreen_score"": 0.6206801149886887, ""run"": 1, ""trial"": 134, ""tuning_values"": [0.566145677093371, 0.8729400825895459]}]","[0.5075521983607313, 0.6093443679617645, 0.6091513616381166, 0.5628086644916643, 0.5418717930145784, 0.5836474474593253, 0.5431289856355194, 0.5721493130491294, 0.5295788226940396, 0.6231980250172686, 0.5975337357821416, 0.5462588711494029, 0.606099754590098, 0.5669286609014685, 0.554945664025175]"
12,15,0.5618820355694215,0.5695681187588176,0.030744332757584557,0.5114620159880038,0.6314550817898154,15,40,"{""colsample_bytree"": 0.9289961339468896, ""gamma"": 0.13328344436726047, ""learning_rate"": 0.06440341726322743, ""max_depth"": 6, ""min_child_weight"": 7.118281309434676, ""reg_alpha"": 1.0456167897627958e-05, ""reg_lambda"": 1.0407964881912115, ""subsample"": 0.7733344159265544}","[{""cv_seed"": 142, ""prescreen_score"": 0.628652158339706, ""run"": 2, ""trial"": 91, ""tuning_values"": [0.5742994278897661, 0.8779143305612799]}]","[0.5114620159880038, 0.6033433811442416, 0.5826799074116954, 0.5542803946039422, 0.5339195561277162, 0.5825325034924679, 0.5525554950475836, 0.5768344117698504, 0.5281196473491133, 0.6314550817898154, 0.5900338983564066, 0.5682187669108861, 0.6045321904672212, 0.5707729110995409, 0.5527816198237777]"
13,20,0.5618201553735026,0.5695125070146171,0.030769406564457723,0.5136725108344518,0.6259459402818774,15,35,"{""colsample_bytree"": 0.9319662264039262, ""gamma"": 0.6630445716927665, ""learning_rate"": 0.06965882326321902, ""max_depth"": 6, ""min_child_weight"": 1.1778103004768061, ""reg_alpha"": 1.6871773829910928e-05, ""reg_lambda"": 0.8641072433414232, ""subsample"": 0.8552217115704088}","[{""cv_seed"": 242, ""prescreen_score"": 0.6301933890202879, ""run"": 3, ""trial"": 50, ""tuning_values"": [0.578768891328907, 0.8592232815376232]}]","[0.5136725108344518, 0.6050111546212928, 0.57978809233445, 0.5565272134344237, 0.5290124765559047, 0.5824585554328555, 0.5497825802349933, 0.5781788652575051, 0.5284657595869686, 0.6259459402818774, 0.5981597638570949, 0.558464084854796, 0.606354706530546, 0.5715041362413922, 0.559361765160706]"
14,7,0.5617385550174518,0.5692386202509258,0.030000260933895753,0.5118974693195961,0.6259356752689981,15,35,"{""colsample_bytree"": 0.985177535247508, ""gamma"": 0.1322018006778011, ""learning_rate"": 0.0717450825142033, ""max_depth"": 6, ""min_child_weight"": 3.324074745790592, ""reg_alpha"": 0.00045346488993147665, ""reg_lambda"": 2.1702293915402757, ""subsample"": 0.6827686759298067}","[{""cv_seed"": 42, ""prescreen_score"": 0.6159277193614018, ""run"": 1, ""trial"": 143, ""tuning_values"": [0.5604213719660539, 0.8763062094840057]}]","[0.5118974693195961, 0.6137543889923406, 0.5792795916372074, 0.5530472334752266, 0.5441281764058992, 0.5795523775192047, 0.549742003014354, 0.5737005395775074, 0.5263218613096359, 0.6259356752689981, 0.5823295093414956, 0.561463556818577, 0.60580555567277, 0.5722054920751584, 0.5594158733359132]"
15,11,0.5616680796597243,0.5690421045437211,0.029496099535987114,0.5141034388918236,0.6290533802784013,15,55,"{""colsample_bytree"": 0.917965154724126, ""gamma"": 0.03549407364093475, ""learning_rate"": 0.046996162073758174, ""max_depth"": 6, ""min_child_weight"": 1.1195197772735983, ""reg_alpha"": 0.007137109109125147, ""reg_lambda"": 1.5537803599128264, ""subsample"": 0.7395144894510673}","[{""cv_seed"": 142, ""prescreen_score"": 0.6300491637081101, ""run"": 2, ""trial"": 74, ""tuning_values"": [0.575116192406807, 0.8831007004701181]}]","[0.5141034388918236, 0.6010509432169733, 0.5747765668229244, 0.5503760825170091, 0.5384139534543865, 0.5848550737889896, 0.5467916159369254, 0.5788408666744904, 0.5360400253552281, 0.6290533802784013, 0.594831470325979, 0.5661478667241022, 0.6030335840410787, 0.5661387808021529, 0.5511779193253509]"
16,17,0.5616240974656214,0.5693684215829886,0.03097729646946919,0.5072485794408079,0.6268257425918679,15,27,"{""colsample_bytree"": 0.9086787761299373, ""gamma"": 0.15724599791465196, ""learning_rate"": 0.08393956016418451, ""max_depth"": 6, ""min_child_weight"": 1.3906205055105036, ""reg_alpha"": 8.106865081591261e-08, ""reg_lambda"": 0.536783071257637, ""subsample"": 0.7143391636681949}","[{""cv_seed"": 242, ""prescreen_score"": 0.6329737561510175, ""run"": 3, ""trial"": 132, ""tuning_values"": [0.5790401669312256, 0.878433892063889]}]","[0.5072485794408079, 0.5995355743473649, 0.5768838383838384, 0.5543486094613619, 0.5362767493791929, 0.5903936726172511, 0.543209954045808, 0.5775822069860672, 0.5330205618351417, 0.6268257425918679, 0.5976798813950444, 0.562176256400667, 0.6080391943160599, 0.5666099952206315, 0.5606955073237255]"
17,12,0.5615756309417099,0.5694079423492793,0.031329245630277176,0.5069801142861169,0.6291152459916584,15,35,"{""colsample_bytree"": 0.8642109417883137, ""gamma"": 0.2461793471952064, ""learning_rate"": 0.06836663910639085, ""max_depth"": 6, ""min_child_weight"": 4.142336285186791, ""reg_alpha"": 3.7197236589949166e-05, ""reg_lambda"": 1.6054752321951649, ""subsample"": 0.7885397250245542}","[{""cv_seed"": 142, ""prescreen_score"": 0.6298139052556335, ""run"": 2, ""trial"": 85, ""tuning_values"": [0.5755291760629937, 0.8783577587181572]}]","[0.5069801142861169, 0.6066571087283844, 0.5783071082706844, 0.5580448912333741, 0.5360382244371252, 0.5888568306603353, 0.5520816559214164, 0.5790289319969303, 0.5285632157446281, 0.6291152459916584, 0.5909006967550897, 0.5618908071167724, 0.6058899437626379, 0.5649295872324812, 0.5538347731015534]"
18,4,0.5612953564690886,0.5690774813561317,0.031128499548172473,0.5084878106748102,0.6194896349734669,15,39,"{""colsample_bytree"": 0.9763026090978755, ""gamma"": 0.04069523271368651, ""learning_rate"": 0.07016671104551053, ""max_depth"": 5, ""min_child_weight"": 3.4017893815216533, ""reg_alpha"": 0.0014417478047568212, ""reg_lambda"": 2.0488995061337403, ""subsample"": 0.7073296533279181}","[{""cv_seed"": 42, ""prescreen_score"": 0.6175934572342378, ""run"": 1, ""trial"": 117, ""tuning_values"": [0.5624581947996623, 0.874873176734502]}]","[0.5084878106748102, 0.6098003238628555, 0.6010185005085668, 0.5543040360719214, 0.5386803028801578, 0.5839777819251327, 0.5449073707922261, 0.5665536702703772, 0.5313579395937413, 0.6194896349734669, 0.5942459416272595, 0.5518338248878335, 0.6029722865623944, 0.5726373141867804, 0.5558954815244512]"
19,14,0.561216107093728,0.5694878241632867,0.033086868278234524,0.5030136159974005,0.6342985432652265,15,135,"{""colsample_bytree"": 0.933323876300548, ""gamma"": 0.03817712937301217, ""learning_rate"": 0.021398115723726376, ""max_depth"": 5, ""min_child_weight"": 1.1525079371388598, ""reg_alpha"": 0.0026908603799290502, ""reg_lambda"": 0.7049248775412721, ""subsample"": 0.7071131570201181}","[{""cv_seed"": 142, ""prescreen_score"": 0.6290095359234369, ""run"": 2, ""trial"": 147, ""tuning_values"": [0.5765828757269325, 0.8649502097130473]}]","[0.5030136159974005, 0.6054032064261481, 0.5935980410318159, 0.555984402535945, 0.535415310845822, 0.5806005020954356, 0.5556052061499593, 0.5786603220601007, 0.5337498050639401, 0.6342985432652265, 0.5905886875419232, 0.5417177266756062, 0.607870518762561, 0.5710759318327515, 0.5547355421646639]"
20,19,0.5611025590499784,0.569043017069737,0.031761832079034366,0.5039153711623702,0.625888683297341,15,41,"{""colsample_bytree"": 0.8908865960061034, ""gamma"": 0.047188512482268116, ""learning_rate"": 0.06550493242484125, ""max_depth"": 5, ""min_child_weight"": 1.3179470682267098, ""reg_alpha"": 0.05864955607596074, ""reg_lambda"": 0.5016229317137524, ""subsample"": 0.9887968260133708}","[{""cv_seed"": 242, ""prescreen_score"": 0.6304698036250689, ""run"": 3, ""trial"": 84, ""tuning_values"": [0.5770485220018352, 0.8729007766120278]}]","[0.5039153711623702, 0.6053521870643923, 0.5995560915660253, 0.5474231387209086, 0.5392948659779461, 0.5783234062630486, 0.5427331458501877, 0.5747628012942226, 0.5331529548404361, 0.625888683297341, 0.5848916671424937, 0.5539537758334897, 0.6064111593132986, 0.5763647811050424, 0.5636212266148518]"
21,16,0.5610644240381919,0.5688147664841748,0.031001369783931778,0.5068926590387881,0.62981412419245,15,48,"{""colsample_bytree"": 0.7511420657929693, ""gamma"": 0.05567593970664508, ""learning_rate"": 0.0461458067471161, ""max_depth"": 6, ""min_child_weight"": 6.052581498440417, ""reg_alpha"": 2.4903398302382005e-05, ""reg_lambda"": 3.204425849338781, ""subsample"": 0.8371871684248535}","[{""cv_seed"": 142, ""prescreen_score"": 0.628328908235952, ""run"": 2, ""trial"": 75, ""tuning_values"": [0.57402726984848, 0.8773006956456462]}]","[0.5068926590387881, 0.6031338109002081, 0.5845592132910015, 0.5551780989529563, 0.539220782178884, 0.5870761262006589, 0.5524781308484815, 0.5732605274929226, 0.5275074405078867, 0.62981412419245, 0.5904694604062813, 0.5571713440593286, 0.603824132485145, 0.5674917284505056, 0.554143918257123]"
22,8,0.5606543703382528,0.5693419470243782,0.03475030674450167,0.5145911502823336,0.6168537588706987,15,54,"{""colsample_bytree"": 0.998422058613216, ""gamma"": 0.01228106110667095, ""learning_rate"": 0.07168770400968955, ""max_depth"": 3, ""min_child_weight"": 5.91198948796241, ""reg_alpha"": 0.0012643989829359233, ""reg_lambda"": 1.7777906821810083, ""subsample"": 0.7260606652382022}","[{""cv_seed"": 42, ""prescreen_score"": 0.615761006996282, ""run"": 1, ""trial"": 121, ""tuning_values"": [0.5667232447676425, 0.8316439330506988]}]","[0.5145911502823336, 0.6166259874363466, 0.6156810583333763, 0.5497092816904878, 0.5370087460956683, 0.5843075710679001, 0.5341520960455856, 0.5757129661788482, 0.5429564775958932, 0.6153806637130538, 0.5875834698092021, 0.539455581313392, 0.6168537588706987, 0.5784213269414719, 0.5316890699914162]"
23,6,0.5596653612367701,0.5684779850453107,0.03525049523416218,0.5152080676312437,0.6189832460999946,15,51,"{""colsample_bytree"": 0.9941093202405209, ""gamma"": 0.07801917699294939, ""learning_rate"": 0.07777965936383568, ""max_depth"": 3, ""min_child_weight"": 3.348971706820385, ""reg_alpha"": 0.0007956985126096833, ""reg_lambda"": 1.296757047323006, ""subsample"": 0.7182418853287751}","[{""cv_seed"": 42, ""prescreen_score"": 0.6162861392090512, ""run"": 1, ""trial"": 141, ""tuning_values"": [0.5665386050393099, 0.8366959843747482]}]","[0.5152080676312437, 0.611813772021578, 0.611070040702491, 0.5501906127086271, 0.5444105321326093, 0.5869874149495016, 0.5335719491202999, 0.5720970874237756, 0.541708250690745, 0.6189832460999946, 0.587803062221461, 0.5325330209898659, 0.6189464344262289, 0.578537417973925, 0.5233088665873132]"
24,23,0.5589773868640049,0.5665612166699668,0.03033531922384801,0.5102346321411496,0.6132496162259401,15,35,"{""colsample_bytree"": 0.7566038526705666, ""gamma"": 0.23400426561582321, ""learning_rate"": 0.062205555416319676, ""max_depth"": 7, ""min_child_weight"": 3.651547514665336, ""reg_alpha"": 0.00019501372300676414, ""reg_lambda"": 0.7514649135012548, ""subsample"": 0.9394313773683519}","[{""cv_seed"": 242, ""prescreen_score"": 0.629736704072971, ""run"": 3, ""trial"": 107, ""tuning_values"": [0.5761352877885126, 0.8735526681614841]}]","[0.5102346321411496, 0.6000499076007816, 0.5811618194167862, 0.5649762874203136, 0.5290954690419981, 0.5851337958858407, 0.5360775908702514, 0.573474496359384, 0.5242881961444937, 0.6132496162259401, 0.5847918606022645, 0.56948166233846, 0.6085965301119741, 0.5726141627955839, 0.5451922230942811]"
