scene_id,sensor,time_utc,lakeN,pathrow,lst_class_dt_median0,lst_class_dt_mean0,lst_class_dt_std0,lst_class_dt_mean_all_pixels,lst_class_dt_median_all_pixels,lst_class_rf_median0,lst_class_rf_mean0,lst_class_rf_std0,lst_class_rf_mean_all_pixels,lst_class_rf_median_all_pixels,lst_class_xgb_median0,lst_class_xgb_mean0,lst_class_xgb_std0,lst_class_xgb_mean_all_pixels,lst_class_xgb_median_all_pixels,lstmap_usgs_on_tact_median0,lstmap_usgs_on_tact_mean0,lstmap_usgs_on_tact_std0,lstmap_usgs_on_tact_mean_all_pixels,lstmap_usgs_on_tact_median_all_pixels,lstmap_dt_usgs_median0,lstmap_dt_usgs_mean0,lstmap_dt_usgs_std0,lstmap_dt_usgs_mean_all_pixels,lstmap_dt_usgs_median_all_pixels,lstmap_rf_usgs_median0,lstmap_rf_usgs_mean0,lstmap_rf_usgs_std0,lstmap_rf_usgs_mean_all_pixels,lstmap_rf_usgs_median_all_pixels,lstmap_xgb_usgs_median0,lstmap_xgb_usgs_mean0,lstmap_xgb_usgs_std0,lstmap_xgb_usgs_mean_all_pixels,lstmap_xgb_usgs_median_all_pixels,lstmap1_median0,lstmap1_mean0,lstmap1_std0,lstmap1_mean_all_pixels,lstmap1_median_all_pixels,lstmap_dt_acolite1_median0,lstmap_dt_acolite1_mean0,lstmap_dt_acolite1_std0,lstmap_dt_acolite1_mean_all_pixels,lstmap_dt_acolite1_median_all_pixels,lstmap_rf_acolite1_median0,lstmap_rf_acolite1_mean0,lstmap_rf_acolite1_std0,lstmap_rf_acolite1_mean_all_pixels,lstmap_rf_acolite1_median_all_pixels,lstmap_xgb_acolite1_median0,lstmap_xgb_acolite1_mean0,lstmap_xgb_acolite1_std0,lstmap_xgb_acolite1_mean_all_pixels,lstmap_xgb_acolite1_median_all_pixels,lstmap2_median0,lstmap2_mean0,lstmap2_std0,lstmap2_mean_all_pixels,lstmap2_median_all_pixels,lstmap_dt_acolite2_median0,lstmap_dt_acolite2_mean0,lstmap_dt_acolite2_std0,lstmap_dt_acolite2_mean_all_pixels,lstmap_dt_acolite2_median_all_pixels,lstmap_rf_acolite2_median0,lstmap_rf_acolite2_mean0,lstmap_rf_acolite2_std0,lstmap_rf_acolite2_mean_all_pixels,lstmap_rf_acolite2_median_all_pixels,lstmap_xgb_acolite2_median0,lstmap_xgb_acolite2_mean0,lstmap_xgb_acolite2_std0,lstmap_xgb_acolite2_mean_all_pixels,lstmap_xgb_acolite2_median_all_pixels
LC08_L1TP_191029_20240404_20240411_02_T1,LANDSAT_8,20240404,venice,191029,2.0,2.2799999713897705,0.44899889826774597,2.545448064804077,3.0,3.0,2.880000114440918,0.430813193321228,2.7509396076202393,3.0,3.0,2.759999990463257,0.5851495862007141,2.737471342086792,3.0,14.208038330078125,14.22553825378418,0.0821639895439148,14.492194175720215,14.286651611328125,14.208038330078125,14.22553825378418,0.0821639895439148,14.464303016662598,14.296905517578125,14.213165283203125,14.22655200958252,0.0837048664689064,14.466839790344238,14.286651611328125,14.218292236328125,14.229437828063965,0.08432860672473907,14.464387893676758,14.286651611328125,13.405029296875,13.412431716918945,0.06717274338006973,13.667182922363281,13.462554931640625,13.405029296875,13.412431716918945,0.06717274338006973,13.640280723571777,13.474761962890625,13.401885986328125,13.410916328430176,0.06813813000917435,13.641040802001953,13.465179443359375,13.405029296875,13.41212272644043,0.06935243308544159,13.63851547241211,13.464111328125,14.18878173828125,14.17683219909668,0.07006732374429703,14.466346740722656,14.27685546875,14.18878173828125,14.17683219909668,0.07006732374429703,14.454134941101074,14.295928955078125,14.186660766601562,14.173267364501953,0.06925514340400696,14.444502830505371,14.2823486328125,14.184539794921875,14.170637130737305,0.06956121325492859,14.441057205200195,14.280029296875
LC08_L1TP_192028_20240411_20240419_02_T1,LANDSAT_8,20240411,venice,192028,2.0,1.600000023841858,0.4898979365825653,2.206806182861328,3.0,2.0,1.7200000286102295,0.44899889826774597,2.258962869644165,3.0,2.0,1.7999999523162842,0.4000000059604645,2.2614738941192627,3.0,9.850067138671875,9.820945739746094,0.1409732699394226,11.758716583251953,11.9521484375,9.809051513671875,9.807001113891602,0.1444460153579712,12.524669647216797,12.4716796875,9.809051513671875,9.79481029510498,0.1509086936712265,12.620952606201172,12.51953125,9.821014404296875,9.808026313781738,0.15149778127670288,12.62446117401123,12.51953125,9.190338134765625,9.162419319152832,0.13183805346488953,11.04118824005127,11.230621337890625,9.154449462890625,9.155206680297852,0.1454521268606186,11.774620056152344,11.730255126953125,9.1326904296875,9.142671585083008,0.1462167650461197,11.865814208984375,11.775955200195312,9.172393798828125,9.154062271118164,0.14350654184818268,11.86888313293457,11.774871826171875,9.99139404296875,9.981971740722656,0.12369021028280258,11.794655799865723,12.100738525390625,9.95623779296875,9.960811614990234,0.13447503745555878,12.718231201171875,12.764495849609375,9.934829711914062,9.953043937683105,0.13235865533351898,12.825945854187012,12.825103759765625,9.958984375,9.96537971496582,0.1314316689968109,12.827441215515137,12.823333740234375
LC08_L1TP_192029_20240411_20240419_02_T1,LANDSAT_8,20240411,venice,192029,2.0,1.600000023841858,0.4898979365825653,2.3923580646514893,3.0,2.0,1.7200000286102295,0.44899889826774597,2.4359583854675293,3.0,2.0,1.840000033378601,0.36660605669021606,2.437645435333252,3.0,9.856903076171875,9.824773788452148,0.14074397087097168,11.592506408691406,12.07177734375,9.815887451171875,9.810647010803223,0.14337481558322906,12.18542194366455,12.41015625,9.812469482421875,9.79822826385498,0.150357186794281,12.210740089416504,12.42724609375,9.836395263671875,9.81800365447998,0.1502554565668106,12.2047119140625,12.423828125,9.190826416015625,9.166478157043457,0.1313478797674179,10.893877983093262,11.356414794921875,9.15826416015625,9.159000396728516,0.14426200091838837,11.461342811584473,11.678436279296875,9.134857177734375,9.146099090576172,0.1453055888414383,11.485291481018066,11.693939208984375,9.190826416015625,9.159443855285645,0.139522984623909,11.479608535766602,11.6905517578125,9.996734619140625,9.987146377563477,0.1234973818063736,11.730691909790039,12.321502685546875,9.96160888671875,9.966452598571777,0.13351893424987793,12.439120292663574,12.7283935546875,9.942367553710938,9.95815372467041,0.1320095807313919,12.469746589660645,12.749267578125,9.97576904296875,9.974276542663574,0.1290769726037979,12.462532997131348,12.745391845703125
LC08_L1TP_191029_20240607_20240627_02_T1,LANDSAT_8,20240607,venice,191029,,,,1.9798260927200317,2.0,,,,2.2612736225128174,2.0,,,,2.2830865383148193,2.0,,,,16.138975143432617,16.27252197265625,,,,16.470857620239258,16.51177978515625,,,,16.423982620239258,16.36822509765625,,,,16.446521759033203,16.38873291015625,,,,15.072690963745117,15.201858520507812,,,,15.385878562927246,15.429275512695312,,,,15.344902992248535,15.295730590820312,,,,15.366021156311035,15.31268310546875,,,,13.55163860321045,13.614700317382812,,,,13.967348098754883,13.95550537109375,,,,13.882814407348633,13.769058227539062,,,,13.919938087463379,13.79168701171875
LC08_L1TP_192029_20240630_20240709_02_T1,LANDSAT_8,20240630,venice,192029,1.0,1.0,0.0,1.1994895935058594,1.0,1.0,1.0,0.0,1.0126264095306396,1.0,1.0,1.0,0.0,1.0304648876190186,1.0,26.543670654296875,26.535741806030273,0.07979457080364227,27.051408767700195,26.687225341796875,,,,28.725418090820312,28.727783203125,,,,29.367979049682617,29.510528564453125,,,,29.11737823486328,29.001220703125,25.30743408203125,25.295103073120117,0.06515702605247498,25.635108947753906,25.265045166015625,,,,27.308691024780273,27.297622680664062,,,,27.913503646850586,28.026168823242188,,,,27.66644287109375,27.542465209960938,27.07672119140625,27.085010528564453,0.09580528736114502,27.38996124267578,27.099090576171875,,,,29.005842208862305,28.93511962890625,,,,29.598093032836914,29.638015747070312,,,,29.307743072509766,29.121795654296875
LC08_L1TP_191028_20240709_20240718_02_T1,LANDSAT_8,20240709,venice,191028,2.0,2.0714285373687744,0.5933302640914917,2.4179272651672363,3.0,3.0,2.5714285373687744,0.7284313440322876,2.5317931175231934,3.0,3.0,2.642857074737549,0.7178482413291931,2.5159270763397217,3.0,28.915771484375,28.941308975219727,0.06765104085206985,29.2189998626709,29.001220703125,28.915771484375,28.94220733642578,0.07164428383111954,29.314746856689453,29.148223876953125,28.915771484375,28.94220733642578,0.07164428383111954,29.28126335144043,29.124298095703125,28.915771484375,28.94220733642578,0.07164428383111954,29.280363082885742,29.127716064453125,27.123992919921875,27.12714958190918,0.040696170181035995,27.396724700927734,27.155853271484375,27.123992919921875,27.126920700073242,0.04383908212184906,27.517093658447266,27.330047607421875,27.123992919921875,27.126920700073242,0.04383908212184906,27.47831153869629,27.300506591796875,27.123992919921875,27.126920700073242,0.04383908212184906,27.478116989135742,27.304931640625,29.112091064453125,29.10394287109375,0.10809289664030075,29.24276351928711,28.9752197265625,29.112091064453125,29.09602928161621,0.1122213676571846,29.396297454833984,29.202728271484375,29.112091064453125,29.09602928161621,0.1122213676571846,29.351654052734375,29.157501220703125,29.112091064453125,29.09602928161621,0.1122213676571846,29.352649688720703,29.16436767578125
LC08_L1TP_191029_20240709_20240718_02_T1,LANDSAT_8,20240709,venice,191029,2.0,2.1600000858306885,0.4630334973335266,2.382065773010254,3.0,3.0,2.799999952316284,0.4898979365825653,2.4837937355041504,3.0,3.0,2.799999952316284,0.5656853914260864,2.4755640029907227,3.0,28.922607421875,28.93682861328125,0.057944461703300476,29.15838050842285,28.946533203125,28.9208984375,28.937421798706055,0.05906505882740021,29.26407241821289,29.069580078125,28.9208984375,28.937421798706055,0.05906505882740021,29.244035720825195,29.062744140625,28.919189453125,28.93672752380371,0.06023971736431122,29.24344825744629,29.062744140625,27.131378173828125,27.13259506225586,0.03257974609732628,27.39027976989746,27.152557373046875,27.131484985351562,27.1329288482666,0.03320921212434769,27.536033630371094,27.30426025390625,27.131484985351562,27.1329288482666,0.03320921212434769,27.511592864990234,27.292205810546875,27.131378173828125,27.13262367248535,0.03389018401503563,27.511823654174805,27.295684814453125,29.0953369140625,29.082115173339844,0.11632022261619568,29.260873794555664,29.05450439453125,29.0872802734375,29.07676124572754,0.1156616061925888,29.462270736694336,29.2904052734375,29.0872802734375,29.07676124572754,0.1156616061925888,29.43499183654785,29.26947021484375,29.0953369140625,29.0766544342041,0.1181480810046196,29.436819076538086,29.275115966796875
LC08_L1TP_192029_20240716_20240722_02_T1,LANDSAT_8,20240716,venice,192029,3.0,2.880000114440918,0.430813193321228,2.5171170234680176,3.0,3.0,2.880000114440918,0.430813193321228,2.6127188205718994,3.0,3.0,2.9200000762939453,0.3919183313846588,2.720351219177246,3.0,29.462677001953125,29.468828201293945,0.04786132648587227,30.031448364257812,29.801055908203125,29.457550048828125,29.468088150024414,0.04870771989226341,30.042078018188477,29.824981689453125,29.457550048828125,29.468088150024414,0.04870771989226341,30.027271270751953,29.818145751953125,29.457550048828125,29.468088150024414,0.04870771989226341,30.005294799804688,29.797637939453125,29.607666015625,29.621191024780273,0.04765252023935318,30.11003875732422,29.892486572265625,29.604110717773438,29.620262145996094,0.048413291573524475,30.11798095703125,29.9134521484375,29.604110717773438,29.620262145996094,0.048413291573524475,30.103046417236328,29.908660888671875,29.604110717773438,29.620262145996094,0.048413291573524475,30.080352783203125,29.890655517578125,32.87530517578125,32.85322570800781,0.1457294374704361,33.289039611816406,33.0845947265625,32.86262512207031,32.84605026245117,0.14433875679969788,33.29724884033203,33.10791015625,32.86262512207031,32.84605026245117,0.14433875679969788,33.28205871582031,33.10302734375,32.86262512207031,32.84605026245117,0.14433875679969788,33.2609977722168,33.08526611328125
LC08_L1TP_192028_20240801_20240807_02_T1,LANDSAT_8,20240801,venice,192028,2.0,2.0,0.5656853914260864,1.975799322128296,2.0,2.0,1.7999999523162842,0.4000000059604645,1.4536806344985962,1.0,2.0,1.840000033378601,0.36660605669021606,1.4551100730895996,1.0,29.059326171875,29.0706844329834,0.05009395629167557,29.303071975708008,29.107208251953125,29.059326171875,29.069917678833008,0.05312987044453621,29.240095138549805,29.066162109375,29.055908203125,29.06804847717285,0.05376717820763588,29.751907348632812,29.650665283203125,29.059326171875,29.069917678833008,0.05312987044453621,29.709583282470703,29.606231689453125,27.860137939453125,27.873228073120117,0.05282454565167427,28.328737258911133,28.13360595703125,27.860137939453125,27.872941970825195,0.055970191955566406,28.241050720214844,28.0369873046875,27.858184814453125,27.869312286376953,0.054888200014829636,29.203990936279297,29.158294677734375,27.860137939453125,27.872941970825195,0.055970191955566406,29.11574363708496,29.07275390625,31.010040283203125,30.98507308959961,0.1419057548046112,31.356874465942383,31.079833984375,31.010040283203125,30.973764419555664,0.14447452127933502,31.278799057006836,30.998199462890625,31.018295288085938,30.973093032836914,0.14801025390625,32.6154899597168,32.60882568359375,31.010040283203125,30.973764419555664,0.14447452127933502,32.483154296875,32.48828125
LC08_L1TP_192029_20240801_20240807_02_T1,LANDSAT_8,20240801,venice,192029,2.0,2.0,0.5656853914260864,2.242492437362671,2.0,2.0,1.840000033378601,0.36660605669021606,1.546763300895691,1.0,2.0,1.840000033378601,0.36660605669021606,1.5407581329345703,1.0,29.059326171875,29.071094512939453,0.0503857359290123,29.357946395874023,29.216583251953125,29.059326171875,29.070568084716797,0.053445614874362946,29.293777465820312,29.117462158203125,29.052490234375,29.06795883178711,0.052927035838365555,29.832489013671875,29.763458251953125,29.059326171875,29.070568084716797,0.053445614874362946,29.766788482666016,29.688262939453125,27.853363037109375,27.867685317993164,0.052886735647916794,28.53274154663086,28.476776123046875,27.853363037109375,27.86787986755371,0.05591916665434837,28.379627227783203,28.14105224609375,27.853363037109375,27.865489959716797,0.05387203395366669,29.41489601135254,29.381103515625,27.853363037109375,27.86787986755371,0.05591916665434837,29.28364372253418,29.294189453125,31.0072021484375,30.972583770751953,0.1435387283563614,31.83347511291504,31.71246337890625,31.0072021484375,30.961978912353516,0.14667867124080658,31.58112907409668,31.196090698242188,31.014801025390625,30.9697208404541,0.15093426406383514,33.09983444213867,33.157318115234375,31.0072021484375,30.961978912353516,0.14667867124080658,32.905277252197266,33.054351806640625
LC08_L1TP_191028_20240810_20240815_02_T1,LANDSAT_8,20240810,venice,191028,,,,2.5407092571258545,3.0,,,,2.9460933208465576,3.0,,,,2.979825735092163,3.0,,,,30.64557647705078,30.365020751953125,,,,30.61766242980957,30.361602783203125,,,,30.611892700195312,30.361602783203125,,,,30.60897445678711,30.361602783203125,,,,30.077978134155273,29.846527099609375,,,,30.047019958496094,29.8441162109375,,,,30.04060935974121,29.843780517578125,,,,30.037355422973633,29.843597412109375,,,,33.55569839477539,33.30987548828125,,,,33.52207565307617,33.306396484375,,,,33.515159606933594,33.305938720703125,,,,33.51161193847656,33.305694580078125
LC08_L1TP_191029_20240810_20240815_02_T1,LANDSAT_8,20240810,venice,191029,2.0,2.4000000953674316,0.4898979365825653,2.574866771697998,3.0,3.0,2.9200000762939453,0.27129319310188293,2.9580976963043213,3.0,3.0,2.9600000381469727,0.1959591656923294,2.9806337356567383,3.0,30.436798095703125,30.4136905670166,0.054226525127887726,30.68549919128418,30.419708251953125,30.436798095703125,30.4136905670166,0.054226525127887726,30.660470962524414,30.416290283203125,30.436798095703125,30.4136905670166,0.054226525127887726,30.656097412109375,30.416290283203125,30.436798095703125,30.4136905670166,0.054226525127887726,30.65424919128418,30.416290283203125,29.96337890625,29.95621109008789,0.06667882949113846,30.11232566833496,29.876617431640625,29.96337890625,29.95621109008789,0.06667882949113846,30.08440589904785,29.874053955078125,29.96337890625,29.95621109008789,0.06667882949113846,30.079444885253906,29.873779296875,29.96337890625,29.95621109008789,0.06667882949113846,30.077369689941406,29.873687744140625,33.289276123046875,33.29170227050781,0.08338585495948792,33.57857894897461,33.343994140625,33.289276123046875,33.29170227050781,0.08338585495948792,33.548641204833984,33.340087890625,33.289276123046875,33.29170227050781,0.08338585495948792,33.54328155517578,33.339691162109375,33.289276123046875,33.29170227050781,0.08338585495948792,33.54103088378906,33.339508056640625
LC08_L1TP_191029_20240911_20240914_02_T1,LANDSAT_8,20240911,venice,191029,,,,2.3569302558898926,2.0,,,,2.3425188064575195,2.0,,,,2.33549165725708,2.0,,,,25.422639846801758,25.460174560546875,,,,25.498844146728516,25.477264404296875,,,,25.54084587097168,25.477264404296875,,,,25.536367416381836,25.477264404296875,,,,24.31298065185547,24.362030029296875,,,,24.38650131225586,24.375274658203125,,,,24.42870330810547,24.377532958984375,,,,24.423946380615234,24.376129150390625,,,,25.699277877807617,26.052764892578125,,,,25.86260223388672,26.078811645507812,,,,25.973493576049805,26.099990844726562,,,,25.960901260375977,26.093475341796875
LC08_L1TP_191028_20241029_20241104_02_T1,LANDSAT_8,20241029,venice,191028,2.0,2.1111111640930176,0.5665577054023743,2.269181728363037,2.0,2.0,1.8888888359069824,0.31426966190338135,2.2703945636749268,2.0,2.0,1.7777777910232544,0.41573968529701233,2.443197727203369,3.0,18.514739990234375,18.526548385620117,0.03713904693722725,18.301239013671875,18.398529052734375,18.518157958984375,18.531147003173828,0.0358414389193058,18.22065544128418,18.080657958984375,18.514739990234375,18.527729034423828,0.03875439986586571,18.214658737182617,18.084075927734375,18.507904052734375,18.526512145996094,0.040669552981853485,18.144651412963867,17.899505615234375,17.280548095703125,17.28240203857422,0.020607106387615204,16.96651840209961,17.051422119140625,17.282302856445312,17.285812377929688,0.01931612566113472,16.897092819213867,16.77691650390625,17.282302856445312,17.286251068115234,0.01855957694351673,16.891502380371094,16.77679443359375,17.2840576171875,17.28841781616211,0.01887131854891777,16.83332633972168,16.6168212890625,18.2176513671875,18.18889617919922,0.05130244046449661,17.806974411010742,17.913909912109375,18.194839477539062,18.182350158691406,0.05074622854590416,17.732563018798828,17.635498046875,18.194839477539062,18.18468475341797,0.05292677506804466,17.725988388061523,17.641799926757812,18.172027587890625,18.179975509643555,0.054990772157907486,17.654022216796875,17.4478759765625
LC08_L1TP_191028_20241130_20241203_02_T1,LANDSAT_8,20241130,venice,191028,3.0,2.8399999141693115,0.4630334675312042,2.9195501804351807,3.0,3.0,2.880000114440918,0.32496151328086853,2.9780728816986084,3.0,3.0,2.9200000762939453,0.27129319310188293,2.9770660400390625,3.0,12.803253173828125,12.804332733154297,0.05333075672388077,12.189359664916992,12.095703125,12.808380126953125,12.806229591369629,0.05359712243080139,12.20538330078125,12.09912109375,12.803253173828125,12.804332733154297,0.05333075672388077,12.210366249084473,12.1025390625,12.803253173828125,12.804332733154297,0.05333075672388077,12.211241722106934,12.1025390625,12.482940673828125,12.47262954711914,0.04501986503601074,11.859627723693848,11.76153564453125,12.482940673828125,12.473770141601562,0.04559281840920448,11.875947952270508,11.766754150390625,12.482940673828125,12.47262954711914,0.04501986503601074,11.881114959716797,11.767822265625,12.482940673828125,12.47262954711914,0.04501986503601074,11.881868362426758,11.767578125,13.036773681640625,13.039141654968262,0.031330544501543045,12.452661514282227,12.39422607421875,13.036727905273438,13.038341522216797,0.03172523155808449,12.467474937438965,12.398651123046875,13.036773681640625,13.039141654968262,0.031330544501543045,12.472230911254883,12.39947509765625,13.036773681640625,13.039141654968262,0.031330544501543045,12.473170280456543,12.399322509765625
LC08_L1TP_191029_20241130_20241203_02_T1,LANDSAT_8,20241130,venice,191029,3.0,2.880000114440918,0.430813193321228,2.9206154346466064,3.0,3.0,2.9200000762939453,0.27129319310188293,2.9780778884887695,3.0,3.0,2.9200000762939453,0.27129319310188293,2.9771933555603027,3.0,12.79638671875,12.801050186157227,0.05241305008530617,12.303788185119629,12.2392578125,12.804946899414062,12.802952766418457,0.05264056846499443,12.318999290466309,12.24609375,12.79638671875,12.801050186157227,0.05241305008530617,12.325104713439941,12.24609375,12.79638671875,12.801050186157227,0.05241305008530617,12.326645851135254,12.24609375,12.118804931640625,12.110882759094238,0.043875228613615036,11.626606941223145,11.5540771484375,12.12164306640625,12.112205505371094,0.04428872838616371,11.64159107208252,11.561676025390625,12.118804931640625,12.110882759094238,0.043875228613615036,11.647711753845215,11.563201904296875,12.118804931640625,12.110882759094238,0.043875228613615036,11.649121284484863,11.563232421875,12.388336181640625,12.392181396484375,0.030534900724887848,11.951333045959473,11.9287109375,12.388320922851562,12.39146900177002,0.030960507690906525,11.964720726013184,11.93603515625,12.388336181640625,12.392181396484375,0.030534900724887848,11.970410346984863,11.9378662109375,12.388336181640625,12.392181396484375,0.030534900724887848,11.97191333770752,11.937881469726562
LC08_L1TP_191029_20250117_20250128_02_T1,LANDSAT_8,20250117,venice,191029,3.0,2.799999952316284,0.4898979365825653,2.796694278717041,3.0,3.0,2.880000114440918,0.430813193321228,2.966331958770752,3.0,3.0,2.880000114440918,0.32496151328086853,2.9632387161254883,3.0,9.279266357421875,9.286375999450684,0.02930568903684616,8.516729354858398,9.200653076171875,9.279266357421875,9.286529541015625,0.02990010567009449,8.599448204040527,9.241668701171875,9.279266357421875,9.286529541015625,0.02990010567009449,8.569381713867188,9.227996826171875,9.279266357421875,9.286375999450684,0.02930568903684616,8.578781127929688,9.231414794921875,9.00054931640625,9.005877494812012,0.026754340156912804,8.229093551635742,8.908447265625,8.999069213867188,9.005852699279785,0.027305755764245987,8.312382698059082,8.949920654296875,8.999069213867188,9.005852699279785,0.027305755764245987,8.282068252563477,8.935150146484375,9.00054931640625,9.005877494812012,0.026754340156912804,8.291481018066406,8.938934326171875,9.7265625,9.741074562072754,0.05262695252895355,8.965410232543945,9.6529541015625,9.737442016601562,9.74228572845459,0.0533696673810482,9.044514656066895,9.6861572265625,9.737442016601562,9.74228572845459,0.0533696673810482,9.015602111816406,9.674163818359375,9.7265625,9.741074562072754,0.05262695252895355,9.024779319763184,9.677215576171875
LC08_L1TP_191028_20250306_20250312_02_T1,LANDSAT_8,20250306,venice,191028,2.0,2.2799999713897705,0.44899889826774597,2.6453192234039307,3.0,3.0,2.880000114440918,0.32496151328086853,2.9760353565216064,3.0,3.0,2.8399999141693115,0.3666060268878937,2.9679269790649414,3.0,11.316375732421875,11.299832344055176,0.06562983989715576,11.06424617767334,11.183074951171875,11.316375732421875,11.299832344055176,0.06562983989715576,11.031152725219727,11.172821044921875,11.316375732421875,11.299832344055176,0.06562983989715576,11.03372859954834,11.176239013671875,11.316375732421875,11.299832344055176,0.06562983989715576,11.029170036315918,11.172821044921875,10.8228759765625,10.817069053649902,0.04973156377673149,10.560892105102539,10.671417236328125,10.8228759765625,10.817069053649902,0.04973156377673149,10.527913093566895,10.66351318359375,10.8228759765625,10.817069053649902,0.04973156377673149,10.529881477355957,10.664703369140625,10.8228759765625,10.817069053649902,0.04973156377673149,10.525399208068848,10.663482666015625,11.492523193359375,11.496746063232422,0.04307325556874275,11.298118591308594,11.43768310546875,11.492523193359375,11.496746063232422,0.04307325556874275,11.26308822631836,11.42999267578125,11.492523193359375,11.496746063232422,0.04307325556874275,11.265252113342285,11.431304931640625,11.492523193359375,11.496746063232422,0.04307325556874275,11.260523796081543,11.429962158203125
LC08_L1TP_191029_20250306_20250312_02_T1,LANDSAT_8,20250306,venice,191029,2.0,2.2799999713897705,0.44899889826774597,2.7033798694610596,3.0,3.0,2.880000114440918,0.32496151328086853,2.974327564239502,3.0,3.0,2.8399999141693115,0.3666060268878937,2.965137004852295,3.0,11.319793701171875,11.299285888671875,0.0662275031208992,11.264492988586426,11.371063232421875,11.319793701171875,11.299285888671875,0.0662275031208992,11.233808517456055,11.364227294921875,11.319793701171875,11.299285888671875,0.0662275031208992,11.235330581665039,11.364227294921875,11.319793701171875,11.299285888671875,0.0662275031208992,11.230806350708008,11.364227294921875,10.82275390625,10.816971778869629,0.05034239962697029,10.755183219909668,10.861297607421875,10.82275390625,10.816971778869629,0.05034239962697029,10.724228858947754,10.853363037109375,10.82275390625,10.816971778869629,0.05034239962697029,10.72535228729248,10.854888916015625,10.82275390625,10.816971778869629,0.05034239962697029,10.720849990844727,10.853546142578125,11.496002197265625,11.497794151306152,0.04308728501200676,11.49475383758545,11.596923828125,11.496002197265625,11.497794151306152,0.04308728501200676,11.462586402893066,11.59112548828125,11.496002197265625,11.497794151306152,0.04308728501200676,11.463798522949219,11.592254638671875,11.496002197265625,11.497794151306152,0.04308728501200676,11.459162712097168,11.591339111328125
LC08_L1TP_192028_20250430_20250508_02_T1,LANDSAT_8,20250430,venice,192028,2.0,2.0399999618530273,0.34409299492836,2.493516683578491,3.0,3.0,2.9200000762939453,0.27129319310188293,2.790581703186035,3.0,3.0,2.880000114440918,0.32496151328086853,2.795055627822876,3.0,19.000091552734375,19.005970001220703,0.029235443100333214,19.483369827270508,19.133392333984375,18.998382568359375,19.006216049194336,0.02981315180659294,19.3438663482666,19.075286865234375,19.000091552734375,19.005970001220703,0.029235443100333214,19.366243362426758,19.095794677734375,19.000091552734375,19.005970001220703,0.029235443100333214,19.34297752380371,19.092376708984375,17.99798583984375,17.99517822265625,0.03114389069378376,18.39596939086914,18.052154541015625,17.999557495117188,17.99557876586914,0.03172294795513153,18.26034927368164,18.00177001953125,17.99798583984375,17.99517822265625,0.03114389069378376,18.281435012817383,18.018646240234375,17.99798583984375,17.99517822265625,0.03114389069378376,18.258445739746094,18.01544189453125,19.0458984375,19.0102481842041,0.10928838700056076,19.519672393798828,19.157684326171875,19.060012817382812,19.01054573059082,0.11153208464384079,19.37190818786621,19.10076904296875,19.0458984375,19.0102481842041,0.10928838700056076,19.395767211914062,19.118621826171875,19.0458984375,19.0102481842041,0.10928838700056076,19.37140464782715,19.11590576171875
LC08_L1TP_192029_20250430_20250508_02_T1,LANDSAT_8,20250430,venice,192029,2.0,1.9199999570846558,0.3919183611869812,2.4213099479675293,3.0,3.0,2.880000114440918,0.32496151328086853,2.691277503967285,3.0,3.0,2.880000114440918,0.32496151328086853,2.7021076679229736,3.0,19.000091552734375,19.005834579467773,0.029286546632647514,19.417543411254883,18.952239990234375,18.998382568359375,19.00568389892578,0.030736597254872322,19.21040916442871,18.846282958984375,19.000091552734375,19.005834579467773,0.029286546632647514,19.243885040283203,18.866790771484375,19.000091552734375,19.005834579467773,0.029286546632647514,19.2002010345459,18.863372802734375,17.999603271484375,17.9966983795166,0.03145534545183182,18.31182861328125,17.857086181640625,18.001190185546875,17.997108459472656,0.03315524384379387,18.11114501953125,17.76116943359375,17.999603271484375,17.9966983795166,0.03145534545183182,18.14156723022461,17.778778076171875,17.999603271484375,17.9966983795166,0.03145534545183182,18.098644256591797,17.77667236328125,19.04547119140625,19.011445999145508,0.11046117544174194,19.425718307495117,18.933197021484375,19.059600830078125,19.012351989746094,0.11121589690446854,19.20815658569336,18.817962646484375,19.04547119140625,19.011445999145508,0.11046117544174194,19.238636016845703,18.837554931640625,19.04547119140625,19.011445999145508,0.11046117544174194,19.192941665649414,18.836669921875
LC08_L1TP_191029_20250525_20250603_02_T1,LANDSAT_8,20250525,venice,191029,,,,1.813380241394043,1.0,,,,1.7774043083190918,2.0,,,,1.7772893905639648,2.0,,,,15.648252487182617,15.94439697265625,,,,17.099857330322266,17.550872802734375,,,,17.430627822875977,17.588470458984375,,,,17.48316192626953,17.612396240234375,,,,14.552972793579102,14.83819580078125,,,,15.927519798278809,16.33837890625,,,,16.24013328552246,16.37188720703125,,,,16.289884567260742,16.393341064453125,,,,14.096917152404785,14.546173095703125,,,,15.787749290466309,16.236175537109375,,,,16.239347457885742,16.270050048828125,,,,16.28664207458496,16.29638671875
LC08_L1TP_192029_20250601_20250607_02_T1,LANDSAT_8,20250601,venice,192029,3.0,2.680000066757202,0.6144917011260986,1.8354371786117554,2.0,3.0,2.7200000286102295,0.5306599736213684,1.8965100049972534,2.0,3.0,2.9200000762939453,0.27129319310188293,2.0268871784210205,2.0,23.197418212890625,23.213275909423828,0.04427957162261009,23.6528377532959,23.214508056640625,23.197418212890625,23.21599578857422,0.04515169560909271,23.706235885620117,23.252105712890625,23.197418212890625,23.214508056640625,0.04477190971374512,23.540416717529297,23.217926025390625,23.197418212890625,23.213275909423828,0.04427957162261009,23.577695846557617,23.238433837890625,22.32781982421875,22.344036102294922,0.04393391311168671,22.59381103515625,22.175872802734375,22.328399658203125,22.346206665039062,0.045130856335163116,22.652585983276367,22.224884033203125,22.328109741210938,22.344865798950195,0.04464706405997276,22.484275817871094,22.196441650390625,22.32781982421875,22.344036102294922,0.04393391311168671,22.519672393798828,22.20684814453125,23.281707763671875,23.29419708251953,0.13978537917137146,23.682695388793945,23.21405029296875,23.277984619140625,23.290847778320312,0.14525257050991058,23.72556495666504,23.243682861328125,23.27984619140625,23.292490005493164,0.1424122303724289,23.536739349365234,23.20709228515625,23.281707763671875,23.29419708251953,0.13978537917137146,23.576156616210938,23.218231201171875
LC08_L1TP_191028_20250610_20250618_02_T1,LANDSAT_8,20250610,venice,191028,1.0,1.7999999523162842,0.9797958731651306,2.078366756439209,2.0,3.0,2.799999952316284,0.4000000059604645,2.3439266681671143,2.0,3.0,3.0,0.0,2.312955379486084,2.0,23.833160400390625,23.778961181640625,0.09952317178249359,24.32476234436035,24.04852294921875,23.773345947265625,23.763092041015625,0.11880821734666824,24.447933197021484,24.22967529296875,23.833160400390625,23.778961181640625,0.09952317178249359,24.297183990478516,24.05194091796875,23.833160400390625,23.778961181640625,0.09952317178249359,24.30524253845215,24.06219482421875,24.5784912109375,24.59625244140625,0.14862655103206635,25.11716651916504,24.846954345703125,,,,25.22971534729004,24.993011474609375,24.5784912109375,24.59625244140625,0.14862655103206635,25.082927703857422,24.847564697265625,24.5784912109375,24.59625244140625,0.14862655103206635,25.09035301208496,24.86041259765625,27.943359375,27.918476104736328,0.08393694460391998,28.241779327392578,27.944549560546875,,,,28.382707595825195,28.191314697265625,27.943359375,27.918476104736328,0.08393694460391998,28.205516815185547,27.94781494140625,27.943359375,27.918476104736328,0.08393694460391998,28.21398162841797,27.9635009765625
LC08_L1TP_191029_20250610_20250618_02_T1,LANDSAT_8,20250610,venice,191029,1.0,1.6799999475479126,0.9260669946670532,2.0408527851104736,2.0,3.0,2.4000000953674316,0.6928203105926514,2.427955389022827,2.0,3.0,2.640000104904175,0.6858571171760559,2.431931972503662,2.0,23.781890869140625,23.767261505126953,0.0799221396446228,24.41095542907715,24.21942138671875,23.686187744140625,23.705936431884766,0.07703335583209991,24.555469512939453,24.37664794921875,23.766510009765625,23.755168914794922,0.07708283513784409,24.39214324951172,24.21942138671875,23.766510009765625,23.755168914794922,0.07708283513784409,24.396974563598633,24.22625732421875,24.6065673828125,24.622549057006836,0.10586638748645782,25.2130126953125,25.001617431640625,24.531463623046875,24.541385650634766,0.08877383917570114,25.334835052490234,25.15338134765625,24.59210205078125,24.611366271972656,0.1076001301407814,25.18730926513672,24.9996337890625,24.59210205078125,24.611366271972656,0.1076001301407814,25.193208694458008,25.01129150390625,27.947906494140625,27.923627853393555,0.08529014140367508,28.38703727722168,28.239227294921875,27.8341064453125,27.85761833190918,0.08519267290830612,28.54578399658203,28.450546264648438,27.927734375,27.91216468811035,0.08444439619779587,28.36125946044922,28.241546630859375,27.927734375,27.91216468811035,0.08444439619779587,28.36743927001953,28.250732421875
LC08_L1TP_191029_20250626_20250701_02_T1,LANDSAT_8,20250626,venice,191029,2.0,1.9600000381469727,0.598665177822113,2.2285053730010986,2.0,2.0,1.6799999475479126,0.4664761424064636,2.0436594486236572,2.0,2.0,1.6399999856948853,0.47999998927116394,1.8598488569259644,2.0,29.175567626953125,29.151905059814453,0.11069966852664948,29.062469482421875,28.936279296875,29.182403564453125,29.156246185302734,0.11686151474714279,29.050743103027344,28.939697265625,29.172149658203125,29.144794464111328,0.12152020633220673,29.041828155517578,28.912353515625,29.182403564453125,29.150564193725586,0.12298094481229782,29.039260864257812,28.854248046875,28.159393310546875,28.125486373901367,0.13461139798164368,28.201398849487305,28.04730224609375,28.136154174804688,28.12484359741211,0.13907426595687866,28.1898193359375,28.055145263671875,28.159393310546875,28.12636947631836,0.14124950766563416,28.185792922973633,28.032745361328125,28.165023803710938,28.137062072753906,0.13876178860664368,28.196046829223633,27.9940185546875,30.832672119140625,30.810781478881836,0.11494403332471848,30.86516761779785,30.71990966796875,30.8121337890625,30.79620361328125,0.10754305124282837,30.857458114624023,30.7354736328125,30.795928955078125,30.788375854492188,0.11230434477329254,30.854022979736328,30.718658447265625,30.814300537109375,30.795507431030273,0.11196490377187729,30.879735946655273,30.7081298828125
LC08_L1TP_192029_20250703_20250711_02_T1,LANDSAT_8,20250703,venice,192029,3.0,2.799999952316284,0.4898979365825653,2.510894536972046,3.0,3.0,2.759999990463257,0.5851495862007141,2.4549367427825928,3.0,3.0,2.799999952316284,0.4898979365825653,2.4530415534973145,3.0,28.608154296875,28.578622817993164,0.07442624866962433,28.78676414489746,28.840576171875,28.608154296875,28.57710838317871,0.07558218389749527,28.958467483520508,28.874755859375,28.608154296875,28.578432083129883,0.07519149780273438,28.96245574951172,28.867919921875,28.608154296875,28.57582664489746,0.0746624693274498,28.96811294555664,28.871337890625,26.910858154296875,26.894359588623047,0.08607203513383865,27.13717269897461,27.181976318359375,26.910430908203125,26.8917293548584,0.08685871213674545,27.306354522705078,27.214447021484375,26.910858154296875,26.89467430114746,0.08912316709756851,27.310686111450195,27.210342407226562,26.910430908203125,26.893041610717773,0.08759883046150208,27.317487716674805,27.21246337890625,27.7757568359375,27.79996109008789,0.07021180540323257,28.081579208374023,28.33502197265625,27.780532836914062,27.80153465270996,0.07122460752725601,28.291105270385742,28.338958740234375,27.7757568359375,27.802793502807617,0.07213417440652847,28.30107307434082,28.331939697265625,27.770370483398438,27.80027198791504,0.07164226472377777,28.294832229614258,28.335174560546875
LC08_L1TP_191028_20250813_20250821_02_T1,LANDSAT_8,20250813,venice,191028,,,,2.18694806098938,2.0,,,,2.1438965797424316,2.0,,,,2.125541925430298,2.0,,,,23.364490509033203,24.95428466796875,,,,25.01713752746582,25.730194091796875,,,,25.38863182067871,25.791717529296875,,,,25.41986656188965,25.798553466796875,,,,22.000810623168945,24.00860595703125,,,,23.9667911529541,25.00823974609375,,,,24.410385131835938,25.083465576171875,,,,24.449617385864258,25.08929443359375,,,,22.59307289123535,25.491439819335938,,,,25.378597259521484,26.8018798828125,,,,25.99439811706543,26.8961181640625,,,,26.005220413208008,26.903228759765625
LC08_L1TP_191029_20250813_20250821_02_T1,LANDSAT_8,20250813,venice,191029,,,,2.074035167694092,2.0,,,,2.025958299636841,2.0,,,,2.0127501487731934,2.0,,,,22.980567932128906,24.23309326171875,,,,24.809371948242188,25.648162841796875,,,,25.26218032836914,25.733612060546875,,,,25.29262924194336,25.743865966796875,,,,21.550504684448242,23.13592529296875,,,,23.72288703918457,24.8876953125,,,,24.266359329223633,24.990631103515625,,,,24.305408477783203,25.00067138671875,,,,21.975061416625977,24.311309814453125,,,,25.056289672851562,26.63946533203125,,,,25.801504135131836,26.761322021484375,,,,25.807138442993164,26.77362060546875
LC09_L1TP_191028_20240123_20240123_02_T1,LANDSAT_9,20240123,venice,191028,2.0,2.0,0.0,2.552044153213501,3.0,3.0,2.880000114440918,0.32496151328086853,2.9211533069610596,3.0,3.0,3.0,0.0,2.9256114959716797,3.0,8.33587646484375,8.333415985107422,0.03130411356687546,7.506387233734131,7.231842041015625,8.33587646484375,8.333415985107422,0.03130411356687546,7.552237510681152,7.252349853515625,8.33587646484375,8.333415985107422,0.03130411356687546,7.554195880889893,7.252349853515625,8.33587646484375,8.333415985107422,0.03130411356687546,7.587450981140137,7.266021728515625,7.82122802734375,7.81484842300415,0.02616795524954796,7.032631874084473,6.766510009765625,7.82122802734375,7.81484842300415,0.02616795524954796,7.076589584350586,6.7880401611328125,7.82122802734375,7.81484842300415,0.02616795524954796,7.078512191772461,6.787872314453125,7.82122802734375,7.81484842300415,0.02616795524954796,7.110530853271484,6.8017730712890625,8.366668701171875,8.356125831604004,0.04360169172286987,7.466876983642578,7.188995361328125,8.366668701171875,8.356125831604004,0.04360169172286987,7.5098161697387695,7.2093963623046875,8.366668701171875,8.356125831604004,0.04360169172286987,7.511800765991211,7.2094879150390625,8.366668701171875,8.356125831604004,0.04360169172286987,7.544554233551025,7.22332763671875
LC09_L1TP_192028_20240130_20240130_02_T1,LANDSAT_9,20240130,venice,192028,3.0,2.9600000381469727,0.1959591656923294,2.7807631492614746,3.0,3.0,2.9600000381469727,0.1959591656923294,2.8479537963867188,3.0,3.0,2.9200000762939453,0.27129319310188293,2.826202869415283,3.0,7.703521728515625,7.71666145324707,0.0464935377240181,7.6154913902282715,7.81976318359375,7.703521728515625,7.71666145324707,0.0464935377240181,7.6790924072265625,7.83343505859375,7.703521728515625,7.71666145324707,0.0464935377240181,7.674920082092285,7.83001708984375,7.703521728515625,7.71666145324707,0.0464935377240181,7.689107418060303,7.83343505859375,7.18902587890625,7.193100452423096,0.04035964608192444,7.060735702514648,7.253997802734375,7.18902587890625,7.193100452423096,0.04035964608192444,7.122637748718262,7.270050048828125,7.18902587890625,7.193100452423096,0.04035964608192444,7.118569850921631,7.267059326171875,7.18902587890625,7.193100452423096,0.04035964608192444,7.132147789001465,7.269256591796875,7.71533203125,7.747915267944336,0.0756508931517601,7.548346042633057,7.76123046875,7.71533203125,7.747915267944336,0.0756508931517601,7.613420009613037,7.777587890625,7.71533203125,7.747915267944336,0.0756508931517601,7.6079936027526855,7.7744140625,7.71533203125,7.747915267944336,0.0756508931517601,7.621868133544922,7.776580810546875
LC09_L1TP_191028_20240412_20240412_02_T1,LANDSAT_9,20240412,venice,191028,3.0,2.9600000381469727,0.1959591656923294,2.7058870792388916,3.0,3.0,2.880000114440918,0.430813193321228,2.9642696380615234,3.0,3.0,2.9200000762939453,0.27129319310188293,2.961543083190918,3.0,16.31353759765625,16.319826126098633,0.021217411383986473,17.01519775390625,16.78521728515625,16.31353759765625,16.319826126098633,0.021217411383986473,16.97972297668457,16.80230712890625,16.31353759765625,16.32008934020996,0.021615255624055862,16.955753326416016,16.77496337890625,16.31353759765625,16.319826126098633,0.021217411383986473,16.94808006286621,16.77496337890625,15.896240234375,15.900424003601074,0.02005227841436863,16.631622314453125,16.402740478515625,15.896240234375,15.900424003601074,0.02005227841436863,16.59077262878418,16.414703369140625,15.898101806640625,15.901074409484863,0.020205149427056313,16.567768096923828,16.39495849609375,15.896240234375,15.900424003601074,0.02005227841436863,16.559545516967773,16.393890380859375,17.071380615234375,17.093053817749023,0.04387128725647926,17.87591552734375,17.63360595703125,17.071380615234375,17.093053817749023,0.04387128725647926,17.828916549682617,17.637969970703125,17.080841064453125,17.094785690307617,0.043931636959314346,17.807249069213867,17.6251220703125,17.071380615234375,17.093053817749023,0.04387128725647926,17.798433303833008,17.623992919921875
LC09_L1TP_191029_20240412_20240412_02_T1,LANDSAT_9,20240412,venice,191029,3.0,2.9600000381469727,0.1959591656923294,2.718222141265869,3.0,3.0,2.880000114440918,0.430813193321228,2.9631762504577637,3.0,3.0,2.9200000762939453,0.27129319310188293,2.9693820476531982,3.0,16.31011962890625,16.31777572631836,0.02168792113661766,17.052000045776367,16.80230712890625,16.31011962890625,16.31777572631836,0.02168792113661766,16.98381805419922,16.79888916015625,16.31182861328125,16.31809425354004,0.022077597677707672,16.99765396118164,16.79205322265625,16.31011962890625,16.31777572631836,0.02168792113661766,16.997730255126953,16.79205322265625,15.3800048828125,15.384102821350098,0.01811584271490574,16.071319580078125,15.83367919921875,15.3800048828125,15.384102821350098,0.01811584271490574,16.005050659179688,15.830078125,15.3817138671875,15.38455867767334,0.01834855228662491,16.018123626708984,15.8238525390625,15.3800048828125,15.384102821350098,0.01811584271490574,16.017986297607422,15.824951171875,16.077392578125,16.096033096313477,0.03760974481701851,16.771753311157227,16.532806396484375,16.077392578125,16.096033096313477,0.03760974481701851,16.70337677001953,16.525726318359375,16.085723876953125,16.097503662109375,0.037675291299819946,16.71749496459961,16.52276611328125,16.077392578125,16.096033096313477,0.03760974481701851,16.71712303161621,16.523895263671875
LC09_L1TP_192029_20240505_20240505_02_T1,LANDSAT_9,20240505,venice,192029,2.0,2.440000057220459,0.49638694524765015,2.1567165851593018,2.0,2.0,2.0,0.0,2.2140018939971924,2.0,2.0,2.0,0.0,2.234971284866333,2.0,16.65875244140625,16.641115188598633,0.03722517937421799,16.723590850830078,17.301361083984375,16.65875244140625,16.641115188598633,0.03722517937421799,17.48694610595703,17.762786865234375,16.65875244140625,16.641115188598633,0.03722517937421799,17.589065551757812,17.786712646484375,16.65875244140625,16.641115188598633,0.03722517937421799,17.594526290893555,17.786712646484375,15.425262451171875,15.409123420715332,0.04151131585240364,15.50673770904541,16.048980712890625,15.425262451171875,15.409123420715332,0.04151131585240364,16.223844528198242,16.469390869140625,15.425262451171875,15.409123420715332,0.04151131585240364,16.31889533996582,16.493682861328125,15.425262451171875,15.409123420715332,0.04151131585240364,16.324108123779297,16.493194580078125,15.852783203125,15.854742050170898,0.016011780127882957,15.871949195861816,16.635498046875,15.852783203125,15.854742050170898,0.016011780127882957,16.83448028564453,17.1820068359375,15.852783203125,15.854742050170898,0.016011780127882957,16.952787399291992,17.210968017578125,15.852783203125,15.854742050170898,0.016011780127882957,16.959745407104492,17.21142578125
LC09_L1TP_191029_20240615_20240615_02_T1,LANDSAT_9,20240615,venice,191029,1.0,1.0800000429153442,0.3919183611869812,2.0519282817840576,2.0,1.0,1.0,0.0,1.857970952987671,2.0,1.0,1.0,0.0,1.8874924182891846,2.0,20.1588134765625,20.227445602416992,0.1682194024324417,21.57456398010254,21.929351806640625,,,,22.295053482055664,22.852203369140625,,,,22.499290466308594,23.026519775390625,,,,22.413068771362305,23.006011962890625,18.559295654296875,18.602781295776367,0.14501360058784485,19.91216278076172,20.226776123046875,,,,20.659175872802734,21.228759765625,,,,20.873483657836914,21.446441650390625,,,,20.783477783203125,21.420074462890625,16.878143310546875,16.83826446533203,0.11234593391418457,19.433462142944336,19.9298095703125,,,,20.76442527770996,21.619064331054688,,,,21.113143920898438,21.99920654296875,,,,20.959484100341797,21.939971923828125
LC09_L1TP_192028_20240622_20240622_02_T1,LANDSAT_9,20240622,venice,192028,1.0,1.0,0.0,1.19166100025177,1.0,1.0,1.0,0.0,1.0692592859268188,1.0,1.0,1.0,0.0,1.0768641233444214,1.0,25.661834716796875,25.661972045898438,0.03308876231312752,25.999521255493164,25.955780029296875,,,,26.49269676208496,26.290740966796875,,,,26.623071670532227,26.909393310546875,,,,26.60343360900879,26.885467529296875,26.06304931640625,26.062522888183594,0.04564734175801277,26.356958389282227,26.330596923828125,,,,26.8420352935791,26.683197021484375,,,,26.946226119995117,27.241973876953125,,,,26.9213924407959,27.2078857421875,29.23504638671875,29.228235244750977,0.06680554896593094,29.272119522094727,29.260894775390625,,,,29.637866973876953,29.62237548828125,,,,29.592458724975586,29.857711791992188,,,,29.56437110900879,29.831207275390625
LC09_L1TP_192029_20240622_20240622_02_T1,LANDSAT_9,20240622,venice,192029,1.0,1.0,0.0,1.1934958696365356,1.0,1.0,1.0,0.0,1.0988352298736572,1.0,1.0,1.0,0.0,1.112595558166504,1.0,25.658416748046875,25.659921646118164,0.034194450825452805,25.802358627319336,25.699432373046875,,,,26.357288360595703,26.130096435546875,,,,26.371341705322266,26.393280029296875,,,,26.370075225830078,26.379608154296875,24.41619873046875,24.415639877319336,0.043087173253297806,24.40545082092285,24.346435546875,,,,24.880212783813477,24.724700927734375,,,,24.863548278808594,24.883193969726562,,,,24.86043357849121,24.86676025390625,25.918853759765625,25.9126033782959,0.06044180691242218,25.531108856201172,25.49200439453125,,,,25.871604919433594,25.927886962890625,,,,25.781766891479492,25.908416748046875,,,,25.77548599243164,25.89593505859375
LC09_L1TP_192029_20240708_20240708_02_T1,LANDSAT_9,20240708,venice,192029,3.0,2.8399999141693115,0.5425863862037659,2.398043155670166,3.0,3.0,2.880000114440918,0.430813193321228,2.5360753536224365,3.0,3.0,2.9200000762939453,0.3919183313846588,2.57698655128479,3.0,27.524627685546875,27.511777877807617,0.0409846231341362,26.962018966674805,27.329803466796875,27.507537841796875,27.505752563476562,0.03704468160867691,27.207866668701172,27.408416748046875,27.516082763671875,27.508819580078125,0.039130549877882004,27.164142608642578,27.381072998046875,27.516082763671875,27.508819580078125,0.039130549877882004,27.13552474975586,27.374237060546875,26.77850341796875,26.7885799407959,0.04368969425559044,26.224319458007812,26.59326171875,26.7779541015625,26.78410530090332,0.042215585708618164,26.460411071777344,26.655059814453125,26.778228759765625,26.7855167388916,0.04187583923339844,26.417909622192383,26.634368896484375,26.778228759765625,26.7855167388916,0.04187583923339844,26.3898868560791,26.628875732421875,28.739013671875,28.739355087280273,0.10886804759502411,27.878515243530273,28.51141357421875,28.734771728515625,28.730480194091797,0.10897716134786606,28.23124885559082,28.582763671875,28.736892700195312,28.735769271850586,0.10965406149625778,28.16314125061035,28.557373046875,28.736892700195312,28.735769271850586,0.10965406149625778,28.122276306152344,28.5501708984375
LC09_L1TP_191029_20240717_20240718_02_T1,LANDSAT_9,20240717,venice,191029,2.0,2.119999885559082,0.5878775715827942,2.4560725688934326,3.0,2.0,2.0,0.4000000059604645,2.4393489360809326,3.0,2.0,1.8799999952316284,0.3249615430831909,2.4353129863739014,3.0,27.890350341796875,27.874906539916992,0.22355350852012634,27.90728759765625,29.746368408203125,27.895477294921875,27.866588592529297,0.23371870815753937,29.162511825561523,30.098419189453125,27.900604248046875,27.880403518676758,0.23183102905750275,29.284210205078125,30.084747314453125,27.945037841796875,27.888029098510742,0.23420250415802002,29.304763793945312,30.084747314453125,26.428955078125,26.398359298706055,0.19866622984409332,25.904705047607422,27.662017822265625,26.406082153320312,26.390153884887695,0.207148939371109,27.075084686279297,27.958587646484375,26.428955078125,26.397279739379883,0.2067652940750122,27.190401077270508,27.948486328125,26.445480346679688,26.401660919189453,0.21036571264266968,27.210384368896484,27.94671630859375,27.554840087890625,27.546308517456055,0.44442737102508545,26.418302536010742,28.8692626953125,27.544830322265625,27.532197952270508,0.46662333607673645,28.086851119995117,29.208770751953125,27.652923583984375,27.558551788330078,0.4592159688472748,28.26561164855957,29.193695068359375,27.60382080078125,27.55426025390625,0.46908581256866455,28.27382469177246,29.1917724609375
LC09_L1TP_192029_20240724_20240724_02_T1,LANDSAT_9,20240724,venice,192029,3.0,2.8399999141693115,0.4630334675312042,2.5808706283569336,3.0,3.0,2.880000114440918,0.430813193321228,2.6622705459594727,3.0,3.0,2.880000114440918,0.430813193321228,2.7389767169952393,3.0,28.878173828125,28.88323211669922,0.025341328233480453,29.054256439208984,29.302032470703125,28.878173828125,28.88273048400879,0.025742141529917717,29.1593074798584,29.312286376953125,28.878173828125,28.88273048400879,0.025742141529917717,29.152864456176758,29.308868408203125,28.878173828125,28.88344383239746,0.02584240399301052,29.120872497558594,29.302032470703125,25.962982177734375,25.967031478881836,0.016404038295149803,26.21136474609375,26.421051025390625,25.96295166015625,25.967031478881836,0.016742302104830742,26.300004959106445,26.432708740234375,25.96295166015625,25.967031478881836,0.016742302104830742,26.29476547241211,26.42724609375,25.96295166015625,25.967031478881836,0.016742294654250145,26.267189025878906,26.42144775390625,26.64923095703125,26.646631240844727,0.07281786948442459,26.458770751953125,27.00628662109375,26.65216064453125,26.648157119750977,0.0739268958568573,26.652910232543945,27.0455322265625,26.65216064453125,26.648157119750977,0.0739268958568573,26.626407623291016,27.025726318359375,26.65216064453125,26.647680282592773,0.0741337239742279,26.543643951416016,27.0118408203125
LC09_L1TP_191029_20240802_20240802_02_T1,LANDSAT_9,20240802,venice,191029,2.0,2.2799999713897705,0.44899889826774597,2.2831568717956543,2.0,3.0,2.880000114440918,0.32496151328086853,2.9732108116149902,3.0,3.0,2.9600000381469727,0.1959591656923294,2.972973346710205,3.0,28.608154296875,28.62346649169922,0.03692823648452759,29.591609954833984,29.370391845703125,28.608154296875,28.62346649169922,0.03692823648452759,29.571819305419922,29.366973876953125,28.608154296875,28.62346649169922,0.03692823648452759,29.568191528320312,29.363555908203125,28.608154296875,28.62346649169922,0.03692823648452759,29.566743850708008,29.363555908203125,27.113067626953125,27.11699676513672,0.024492675438523293,28.038681030273438,27.87139892578125,27.113067626953125,27.11699676513672,0.024492675438523293,28.01903533935547,27.865188598632812,27.113067626953125,27.11699676513672,0.024492675438523293,28.01521110534668,27.862152099609375,27.113067626953125,27.11699676513672,0.024492675438523293,28.013853073120117,27.8619384765625,29.315277099609375,29.320449829101562,0.07164720445871353,30.112934112548828,29.92913818359375,29.315277099609375,29.320449829101562,0.07164720445871353,30.091846466064453,29.921173095703125,29.315277099609375,29.320449829101562,0.07164720445871353,30.08836555480957,29.9193115234375,29.315277099609375,29.320449829101562,0.07164720445871353,30.08681869506836,29.91900634765625
LC09_L1TP_192028_20240809_20240809_02_T1,LANDSAT_9,20240809,venice,192028,3.0,3.0,0.0,2.6779520511627197,3.0,3.0,2.9200000762939453,0.27129319310188293,2.7433598041534424,3.0,3.0,2.9600000381469727,0.1959591656923294,2.7855794429779053,3.0,28.529541015625,28.5421199798584,0.06378863751888275,28.68113136291504,28.659423828125,28.529541015625,28.5421199798584,0.06378863751888275,28.73086929321289,28.666259765625,28.529541015625,28.5421199798584,0.06378863751888275,28.727876663208008,28.662841796875,28.529541015625,28.5421199798584,0.06378863751888275,28.728307723999023,28.662841796875,27.160369873046875,27.177505493164062,0.052495017647743225,27.200660705566406,27.166168212890625,27.160369873046875,27.177505493164062,0.052495017647743225,27.24686050415039,27.1717529296875,27.160369873046875,27.177505493164062,0.052495017647743225,27.243450164794922,27.17022705078125,27.160369873046875,27.177505493164062,0.052495017647743225,27.243995666503906,27.170196533203125,28.8447265625,28.823217391967773,0.061959199607372284,28.385406494140625,28.5020751953125,28.8447265625,28.823217391967773,0.061959199607372284,28.48124885559082,28.512344360351562,28.8447265625,28.823217391967773,0.061959199607372284,28.474891662597656,28.509246826171875,28.8447265625,28.823217391967773,0.061959199607372284,28.47249412536621,28.509063720703125
LC09_L1TP_192029_20240809_20240809_02_T1,LANDSAT_9,20240809,venice,192029,3.0,2.9200000762939453,0.3919183313846588,2.752910852432251,3.0,3.0,2.9200000762939453,0.27129319310188293,2.8221917152404785,3.0,3.0,2.9600000381469727,0.1959591656923294,2.8803091049194336,3.0,28.529541015625,28.5421199798584,0.06378863751888275,28.895597457885742,28.758544921875,28.53466796875,28.543212890625,0.06487391144037247,28.899093627929688,28.758544921875,28.529541015625,28.5421199798584,0.06378863751888275,28.88749885559082,28.758544921875,28.529541015625,28.5421199798584,0.06378863751888275,28.89100456237793,28.758544921875,27.154693603515625,27.17182159423828,0.05249281972646713,27.382354736328125,27.224273681640625,27.150131225585938,27.17220115661621,0.05354169383645058,27.3826961517334,27.225372314453125,27.154693603515625,27.17182159423828,0.05249281972646713,27.37114715576172,27.223785400390625,27.154693603515625,27.17182159423828,0.05249281972646713,27.374940872192383,27.22412109375,28.8341064453125,28.81273651123047,0.06205048784613609,28.618318557739258,28.572265625,28.828445434570312,28.811845779418945,0.0631733387708664,28.639366149902344,28.57537841796875,28.8341064453125,28.81273651123047,0.06205048784613609,28.617454528808594,28.572113037109375,28.8341064453125,28.81273651123047,0.06205048784613609,28.618816375732422,28.57232666015625
LC09_L1TP_192028_20240825_20240825_02_T1,LANDSAT_9,20240825,venice,192028,3.0,2.8399999141693115,0.5425863862037659,2.9479706287384033,3.0,3.0,2.8399999141693115,0.5425863862037659,2.967668056488037,3.0,3.0,2.9200000762939453,0.27129319310188293,2.9647626876831055,3.0,28.399658203125,28.405536651611328,0.04063238948583603,28.39691162109375,28.355224609375,28.399658203125,28.40485954284668,0.04199307784438133,28.380998611450195,28.355224609375,28.399658203125,28.40485954284668,0.04199307784438133,28.37690544128418,28.351806640625,28.399658203125,28.405536651611328,0.04063238948583603,28.375234603881836,28.351806640625,27.91510009765625,27.93036651611328,0.03300459310412407,27.8118839263916,27.763427734375,27.913055419921875,27.929258346557617,0.03413475677371025,27.793519973754883,27.761138916015625,27.913055419921875,27.929258346557617,0.03413475677371025,27.788928985595703,27.760498046875,27.91510009765625,27.93036651611328,0.03300459310412407,27.78694725036621,27.760223388671875,29.0560302734375,29.051958084106445,0.05772894620895386,28.76687240600586,28.75799560546875,29.058441162109375,29.053699493408203,0.0597754642367363,28.752267837524414,28.755767822265625,29.058441162109375,29.053699493408203,0.0597754642367363,28.747966766357422,28.754913330078125,29.0560302734375,29.051958084106445,0.05772894620895386,28.746482849121094,28.754730224609375
LC09_L1TP_192029_20240825_20240825_02_T1,LANDSAT_9,20240825,venice,192029,3.0,2.8399999141693115,0.5425863862037659,2.936739444732666,3.0,3.0,2.8399999141693115,0.5425863862037659,2.970911979675293,3.0,3.0,2.9200000762939453,0.27129319310188293,2.9683103561401367,3.0,28.399658203125,28.4054012298584,0.04170168563723564,28.323698043823242,28.235595703125,28.399658203125,28.40471076965332,0.04311508685350418,28.310396194458008,28.235595703125,28.399658203125,28.40471076965332,0.04311508685350418,28.30552101135254,28.232177734375,28.399658203125,28.4054012298584,0.04170168563723564,28.30459213256836,28.232177734375,27.9127197265625,27.928003311157227,0.03339247405529022,27.722108840942383,27.634246826171875,27.91070556640625,27.926895141601562,0.03454263508319855,27.706514358520508,27.63232421875,27.91070556640625,27.926895141601562,0.03454263508319855,27.700956344604492,27.631591796875,27.9127197265625,27.928003311157227,0.03339247405529022,27.69985008239746,27.631500244140625,29.04998779296875,29.046567916870117,0.057695984840393066,28.717376708984375,28.6854248046875,29.0509033203125,29.04829216003418,0.05974879860877991,28.704504013061523,28.683441162109375,29.0509033203125,29.04829216003418,0.05974879860877991,28.6997013092041,28.6827392578125,29.04998779296875,29.046567916870117,0.057695984840393066,28.698753356933594,28.6826171875
LC09_L1TP_192029_20240910_20240910_02_T1,LANDSAT_9,20240910,venice,192029,3.0,2.9200000762939453,0.27129319310188293,2.734142541885376,3.0,3.0,2.9200000762939453,0.27129319310188293,2.8505942821502686,3.0,3.0,2.880000114440918,0.32496151328086853,2.8751490116119385,3.0,26.642791748046875,26.62255859375,0.036951009184122086,26.14857292175293,26.468475341796875,26.642791748046875,26.62255859375,0.036951009184122086,26.16669273376465,26.451385498046875,26.642791748046875,26.62255859375,0.036951009184122086,26.19378662109375,26.482147216796875,26.642791748046875,26.62255859375,0.036951009184122086,26.20192527770996,26.485565185546875,25.10845947265625,25.095975875854492,0.04007069766521454,24.55929946899414,24.8731689453125,25.10845947265625,25.095975875854492,0.04007069766521454,24.57884407043457,24.863616943359375,25.10845947265625,25.095975875854492,0.04007069766521454,24.600927352905273,24.888427734375,25.10845947265625,25.095975875854492,0.04007069766521454,24.60855484008789,24.890625,26.186767578125,26.17107391357422,0.060469936579465866,25.434141159057617,25.801239013671875,26.186767578125,26.17107391357422,0.060469936579465866,25.459890365600586,25.791748046875,26.186767578125,26.17107391357422,0.060469936579465866,25.487548828125,25.81805419921875,26.186767578125,26.17107391357422,0.060469936579465866,25.496809005737305,25.820465087890625
LC09_L1TP_192029_20241012_20241012_02_T1,LANDSAT_9,20241012,venice,192029,2.0,2.1600000858306885,0.3666060268878937,2.1000499725341797,2.0,2.0,2.0799999237060547,0.27129319310188293,2.110949993133545,2.0,2.0,2.200000047683716,0.4000000059604645,2.1366026401519775,2.0,17.393646240234375,17.39829444885254,0.06460506469011307,16.99245262145996,16.908294677734375,17.393646240234375,17.39829444885254,0.06460506469011307,17.111169815063477,16.993743896484375,17.393646240234375,17.39829444885254,0.06460506469011307,17.144227981567383,17.007415771484375,17.393646240234375,17.39829444885254,0.06460506469011307,17.09958267211914,16.966400146484375,16.42352294921875,16.428617477416992,0.06192171573638916,15.996182441711426,15.912109375,16.42352294921875,16.428617477416992,0.06192171573638916,16.107189178466797,15.98516845703125,16.42352294921875,16.428617477416992,0.06192171573638916,16.13760757446289,15.9930419921875,16.42352294921875,16.428617477416992,0.06192171573638916,16.094295501708984,15.952362060546875,16.771209716796875,16.790386199951172,0.09000921994447708,15.894389152526855,15.862213134765625,16.771209716796875,16.790386199951172,0.09000921994447708,16.1412353515625,16.079193115234375,16.771209716796875,16.790386199951172,0.09000921994447708,16.210060119628906,16.13970947265625,16.771209716796875,16.790386199951172,0.09000921994447708,16.14506721496582,16.09295654296875
LC09_L1TP_191028_20241021_20241021_02_T1,LANDSAT_9,20241021,venice,191028,3.0,2.9200000762939453,0.27129319310188293,1.8550881147384644,2.0,1.0,1.6399999856948853,0.9329522848129272,1.9442791938781738,2.0,3.0,2.8399999141693115,0.5425863862037659,1.9732574224472046,2.0,16.81597900390625,16.81488609313965,0.025899453088641167,16.43155860900879,16.33746337890625,16.81597900390625,16.81488609313965,0.025899453088641167,16.352109909057617,16.09820556640625,16.81427001953125,16.81427001953125,0.02511683851480484,16.245630264282227,15.90679931640625,16.81256103515625,16.81256103515625,0.0245854202657938,16.09455680847168,15.797393798828125,15.71612548828125,15.717419624328613,0.028180930763483047,15.31783390045166,15.231552124023438,15.71612548828125,15.717419624328613,0.028180930763483047,15.242192268371582,14.993682861328125,15.696609497070312,15.70291519165039,0.024622639641165733,15.135815620422363,14.803619384765625,15.71612548828125,15.715514183044434,0.02776229940354824,14.984992027282715,14.7003173828125,15.464019775390625,15.474615097045898,0.08871225267648697,15.095260620117188,15.187973022460938,15.464019775390625,15.474615097045898,0.08871225267648697,15.067556381225586,14.92877197265625,15.445938110351562,15.444732666015625,0.03848535194993019,14.912732124328613,14.740509033203125,15.46392822265625,15.466623306274414,0.08700903505086899,14.737405776977539,14.58001708984375
LC09_L1TP_192028_20241113_20241113_02_T1,LANDSAT_9,20241113,venice,192028,2.0,2.359999895095825,0.6858571171760559,2.823503255844116,3.0,3.0,2.4800000190734863,0.6399999856948853,2.935619354248047,3.0,2.0,2.200000047683716,0.4898979365825653,2.8446242809295654,3.0,17.154388427734375,17.128822326660156,0.07922683656215668,15.395387649536133,16.47760009765625,17.144134521484375,17.125335693359375,0.08213961124420166,15.359208106994629,16.37164306640625,17.154388427734375,17.128679275512695,0.08185067027807236,15.431842803955078,16.50494384765625,17.161224365234375,17.130319595336914,0.08051281422376633,15.431842803955078,16.50494384765625,16.251556396484375,16.269817352294922,0.0670536458492279,14.58517074584961,15.61749267578125,16.24658203125,16.268108367919922,0.06824718415737152,14.54880142211914,15.511688232421875,16.251556396484375,16.272125244140625,0.06935566663742065,14.62099838256836,15.644500732421875,16.24658203125,16.27046775817871,0.06835877150297165,14.621009826660156,15.645294189453125,16.9227294921875,16.91395378112793,0.02292698435485363,15.07550048828125,16.154571533203125,16.919479370117188,16.91175651550293,0.02263074554502964,15.040864944458008,16.059112548828125,16.916229248046875,16.911439895629883,0.022183001041412354,15.110650062561035,16.18115234375,16.919479370117188,16.91282844543457,0.022713884711265564,15.110587120056152,16.1817626953125
LC09_L1TP_192029_20241113_20241113_02_T1,LANDSAT_9,20241113,venice,192029,2.0,2.359999895095825,0.6248199939727783,2.8431284427642822,3.0,3.0,2.5199999809265137,0.5741080045700073,2.9194223880767822,3.0,2.0,2.200000047683716,0.4898979365825653,2.8089401721954346,3.0,17.154388427734375,17.131282806396484,0.07985053956508636,15.076933860778809,16.42291259765625,17.171478271484375,17.137001037597656,0.08024659007787704,15.101699829101562,16.42633056640625,17.162933349609375,17.132741928100586,0.08117026090621948,15.118404388427734,16.45709228515625,17.162933349609375,17.132741928100586,0.08117026090621948,15.11866569519043,16.46051025390625,16.251495361328125,16.272558212280273,0.0679289847612381,14.281329154968262,15.561874389648438,16.251495361328125,16.27642822265625,0.06893063336610794,14.304999351501465,15.563690185546875,16.248611450195312,16.27317237854004,0.06926162540912628,14.321717262268066,15.597640991210938,16.248611450195312,16.27317237854004,0.06926162540912628,14.32197380065918,15.5982666015625,16.923553466796875,16.914915084838867,0.022911185398697853,14.750957489013672,16.069732666015625,16.91705322265625,16.912887573242188,0.022786902263760567,14.774725914001465,16.0721435546875,16.920303344726562,16.9139461517334,0.02287750132381916,14.79086971282959,16.104995727539062,16.920303344726562,16.9139461517334,0.02287750132381916,14.791069030761719,16.10552978515625
LC09_L1TP_192028_20241129_20241129_02_T1,LANDSAT_9,20241129,venice,192028,3.0,2.8399999141693115,0.3666060268878937,2.9022252559661865,3.0,3.0,2.9600000381469727,0.1959591656923294,2.977984666824341,3.0,3.0,2.9600000381469727,0.1959591656923294,2.9790143966674805,3.0,12.22216796875,12.2158784866333,0.033020906150341034,12.260815620422363,12.33837890625,12.22216796875,12.2158784866333,0.033020906150341034,12.271732330322266,12.341796875,12.22216796875,12.2158784866333,0.033020906150341034,12.273929595947266,12.341796875,12.22216796875,12.2158784866333,0.033020906150341034,12.271334648132324,12.341796875,11.769317626953125,11.77039909362793,0.033136770129203796,11.770798683166504,11.837890625,11.769317626953125,11.77039909362793,0.033136770129203796,11.781153678894043,11.8427734375,11.769317626953125,11.77039909362793,0.033136770129203796,11.783519744873047,11.843414306640625,11.769317626953125,11.77039909362793,0.033136770129203796,11.781024932861328,11.8421630859375,12.82257080078125,12.819657325744629,0.04600900039076805,12.663836479187012,12.762603759765625,12.82257080078125,12.819657325744629,0.04600900039076805,12.673213958740234,12.76727294921875,12.82257080078125,12.819657325744629,0.04600900039076805,12.67556381225586,12.767852783203125,12.82257080078125,12.819657325744629,0.04600900039076805,12.673262596130371,12.76666259765625
LC09_L1TP_191028_20241224_20241224_02_T1,LANDSAT_9,20241224,venice,191028,1.0,1.0800000429153442,0.3919183909893036,2.2140023708343506,3.0,1.0,1.1200000047683716,0.3249615430831909,2.1864304542541504,3.0,2.0,1.5199999809265137,0.4995998442173004,2.180753707885742,3.0,7.088287353515625,7.085689544677734,0.17024992406368256,7.115933418273926,7.276275634765625,,,,7.287723541259766,7.412994384765625,,,,7.28539514541626,7.412994384765625,7.156646728515625,7.151388168334961,0.13974572718143463,7.2957024574279785,7.409576416015625,6.56134033203125,6.573529243469238,0.16340526938438416,6.710344314575195,6.870513916015625,,,,6.885648250579834,7.01007080078125,,,,6.885926723480225,7.00677490234375,6.671844482421875,6.639054298400879,0.13496071100234985,6.896389961242676,7.004669189453125,7.111297607421875,7.084299087524414,0.1480119228363037,7.186673641204834,7.33349609375,,,,7.420475482940674,7.5535888671875,,,,7.444887638092041,7.5689697265625,7.196990966796875,7.136423110961914,0.13227738440036774,7.451920986175537,7.5625
LC09_L1TP_192028_20241231_20241231_02_T1,LANDSAT_9,20241231,venice,192028,3.0,2.9200000762939453,0.27129319310188293,2.9040379524230957,3.0,3.0,2.9600000381469727,0.1959591656923294,2.793205976486206,3.0,3.0,3.0,0.0,2.742196559906006,3.0,6.483306884765625,6.490279674530029,0.042728491127491,6.618042469024658,6.766998291015625,6.483306884765625,6.490279674530029,0.042728491127491,6.647044658660889,6.784088134765625,6.483306884765625,6.490279674530029,0.042728491127491,6.647246837615967,6.784088134765625,6.483306884765625,6.490279674530029,0.042728491127491,6.654764175415039,6.787506103515625,6.027618408203125,6.047237396240234,0.0401616245508194,6.174410820007324,6.315093994140625,6.027618408203125,6.047237396240234,0.0401616245508194,6.202923774719238,6.3345947265625,6.027618408203125,6.047237396240234,0.0401616245508194,6.2032470703125,6.33282470703125,6.027618408203125,6.047237396240234,0.0401616245508194,6.2104620933532715,6.33734130859375,6.6776123046875,6.657286167144775,0.09667236357927322,6.665016174316406,6.8148193359375,6.6776123046875,6.657286167144775,0.09667236357927322,6.693028450012207,6.832763671875,6.6776123046875,6.657286167144775,0.09667236357927322,6.693288326263428,6.8311767578125,6.6776123046875,6.657286167144775,0.09667236357927322,6.700672626495361,6.8358154296875
LC09_L1TP_192029_20241231_20241231_02_T1,LANDSAT_9,20241231,venice,192029,3.0,2.9200000762939453,0.27129319310188293,2.9110238552093506,3.0,3.0,3.0,0.0,2.880256414413452,3.0,3.0,3.0,0.0,2.8805253505706787,3.0,6.483306884765625,6.490142822265625,0.043557316064834595,7.310944557189941,7.583892822265625,6.483306884765625,6.490142822265625,0.043557316064834595,7.340367794036865,7.600982666015625,6.483306884765625,6.490142822265625,0.043557316064834595,7.3384785652160645,7.600982666015625,6.483306884765625,6.490142822265625,0.043557316064834595,7.353519916534424,7.607818603515625,6.031036376953125,6.04802131652832,0.04182583838701248,6.847876071929932,7.11083984375,6.031036376953125,6.04802131652832,0.04182583838701248,6.876231670379639,7.126190185546875,6.031036376953125,6.04802131652832,0.04182583838701248,6.874547958374023,7.12506103515625,6.031036376953125,6.04802131652832,0.04182583838701248,6.888951301574707,7.131500244140625,6.673583984375,6.659625053405762,0.0929531380534172,7.327178955078125,7.625152587890625,6.673583984375,6.659625053405762,0.0929531380534172,7.355680465698242,7.640380859375,6.673583984375,6.659625053405762,0.0929531380534172,7.3538360595703125,7.639007568359375,6.673583984375,6.659625053405762,0.0929531380534172,7.368526458740234,7.6453857421875
LC09_L1TP_192028_20250305_20250305_02_T1,LANDSAT_9,20250305,venice,192028,2.0,2.200000047683716,0.4000000059604645,2.5117549896240234,3.0,3.0,2.9600000381469727,0.1959591656923294,2.9568209648132324,3.0,3.0,2.9600000381469727,0.1959591656923294,2.9559853076934814,3.0,10.164520263671875,10.158368110656738,0.027394970878958702,10.205853462219238,10.171356201171875,10.164520263671875,10.158368110656738,0.027394970878958702,10.16818904876709,10.164520263671875,10.164520263671875,10.158368110656738,0.027394970878958702,10.175354957580566,10.167938232421875,10.164520263671875,10.158368110656738,0.027394970878958702,10.166862487792969,10.167938232421875,9.586761474609375,9.580693244934082,0.02249816432595253,9.61146354675293,9.582763671875,9.586761474609375,9.580693244934082,0.02249816432595253,9.574028968811035,9.57818603515625,9.586761474609375,9.580693244934082,0.02249816432595253,9.580273628234863,9.580047607421875,9.586761474609375,9.580693244934082,0.02249816432595253,9.571941375732422,9.579315185546875,10.2220458984375,10.241424560546875,0.061995550990104675,10.219423294067383,10.193695068359375,10.2220458984375,10.241424560546875,0.061995550990104675,10.181222915649414,10.189300537109375,10.2220458984375,10.241424560546875,0.061995550990104675,10.187338829040527,10.191162109375,10.2220458984375,10.241424560546875,0.061995550990104675,10.178982734680176,10.190399169921875
LC09_L1TP_192029_20250305_20250305_02_T1,LANDSAT_9,20250305,venice,192029,2.0,2.200000047683716,0.4000000059604645,2.550074338912964,3.0,3.0,2.9600000381469727,0.1959591656923294,2.940889596939087,3.0,3.0,2.9600000381469727,0.1959591656923294,2.944136619567871,3.0,10.164520263671875,10.158368110656738,0.027985628694295883,10.259842872619629,10.167938232421875,10.164520263671875,10.158368110656738,0.027985628694295883,10.219792366027832,10.164520263671875,10.164520263671875,10.158368110656738,0.027985628694295883,10.228269577026367,10.167938232421875,10.164520263671875,10.158368110656738,0.027985628694295883,10.218132019042969,10.167938232421875,9.586761474609375,9.580440521240234,0.022699881345033646,9.665483474731445,9.582916259765625,9.586761474609375,9.580440521240234,0.022699881345033646,9.625438690185547,9.578643798828125,9.586761474609375,9.580440521240234,0.022699881345033646,9.632953643798828,9.580596923828125,9.586761474609375,9.580440521240234,0.022699881345033646,9.622937202453613,9.579833984375,10.222076416015625,10.242640495300293,0.06236821040511131,10.253626823425293,10.183258056640625,10.222076416015625,10.242640495300293,0.06236821040511131,10.213350296020508,10.1790771484375,10.222076416015625,10.242640495300293,0.06236821040511131,10.220582962036133,10.180877685546875,10.222076416015625,10.242640495300293,0.06236821040511131,10.210688591003418,10.180145263671875
LC09_L1TP_192029_20250422_20250422_02_T1,LANDSAT_9,20250422,venice,192029,3.0,2.759999990463257,0.5122499465942383,2.719369411468506,3.0,3.0,2.9200000762939453,0.3919183313846588,2.8321666717529297,3.0,3.0,2.9200000762939453,0.3919183313846588,2.8295915126800537,3.0,19.851165771484375,19.85704803466797,0.04025548696517944,18.725618362426758,18.753997802734375,19.856292724609375,19.85786247253418,0.0408831425011158,18.760173797607422,18.777923583984375,19.856292724609375,19.85786247253418,0.0408831425011158,18.757160186767578,18.774505615234375,19.856292724609375,19.85786247253418,0.0408831425011158,18.75643539428711,18.774505615234375,18.699951171875,18.694082260131836,0.039861105382442474,17.56784439086914,17.623931884765625,18.700088500976562,18.695512771606445,0.04004974663257599,17.605098724365234,17.6497802734375,18.700088500976562,18.695512771606445,0.04004974663257599,17.600330352783203,17.646759033203125,18.700088500976562,18.695512771606445,0.04004974663257599,17.59966278076172,17.646484375,19.7806396484375,19.77190589904785,0.03293276205658913,18.4333438873291,18.664703369140625,19.782882690429688,19.772912979125977,0.033233657479286194,18.547122955322266,18.71258544921875,19.782882690429688,19.772912979125977,0.033233657479286194,18.53529167175293,18.70062255859375,19.782882690429688,19.772912979125977,0.033233657479286194,18.53478240966797,18.7010498046875
LC09_L1TP_191028_20250501_20250501_02_T1,LANDSAT_9,20250501,venice,191028,3.0,2.880000114440918,0.430813193321228,2.6372787952423096,3.0,3.0,2.9200000762939453,0.27129319310188293,2.9594883918762207,3.0,3.0,2.9600000381469727,0.1959591656923294,2.9647152423858643,3.0,20.4971923828125,20.4777774810791,0.04614860564470291,20.134078979492188,19.9605712890625,20.4852294921875,20.47611427307129,0.046360086649656296,20.166378021240234,20.0494384765625,20.4971923828125,20.4777774810791,0.04614860564470291,20.0900821685791,19.9537353515625,20.4971923828125,20.4777774810791,0.04614860564470291,20.0869197845459,19.9537353515625,19.5279541015625,19.507837295532227,0.04981754347681999,19.161144256591797,19.01312255859375,19.527938842773438,19.505704879760742,0.04971543326973915,19.19172477722168,19.097625732421875,19.5279541015625,19.507837295532227,0.04981754347681999,19.116914749145508,19.005157470703125,19.5279541015625,19.507837295532227,0.04981754347681999,19.113943099975586,19.0047607421875,20.455078125,20.4411563873291,0.05371569097042084,20.113431930541992,19.987945556640625,20.454971313476562,20.439855575561523,0.054436780512332916,20.145917892456055,20.064300537109375,20.455078125,20.4411563873291,0.05371569097042084,20.0681095123291,19.98046875,20.455078125,20.4411563873291,0.05371569097042084,20.06499481201172,19.980072021484375
LC09_L1TP_191029_20250501_20250501_02_T1,LANDSAT_9,20250501,venice,191029,3.0,2.880000114440918,0.430813193321228,2.5762321949005127,3.0,3.0,2.9600000381469727,0.1959591656923294,2.888054609298706,3.0,3.0,3.0,0.0,2.909961462020874,3.0,20.4971923828125,20.477914810180664,0.04651331529021263,20.1691951751709,19.905853271484375,20.4869384765625,20.47640037536621,0.04686395823955536,20.136844635009766,19.9503173828125,20.4971923828125,20.477914810180664,0.04651331529021263,20.099946975708008,19.885345458984375,20.4971923828125,20.477914810180664,0.04651331529021263,20.093021392822266,19.885345458984375,19.527130126953125,19.507171630859375,0.049562979489564896,19.19292449951172,18.958251953125,19.527114868164062,19.504901885986328,0.04929552972316742,19.16393280029297,19.002410888671875,19.527130126953125,19.507171630859375,0.049562979489564896,19.125274658203125,18.94000244140625,19.527130126953125,19.507171630859375,0.049562979489564896,19.118824005126953,18.9385986328125,20.453887939453125,20.439790725708008,0.053728602826595306,20.135852813720703,19.93121337890625,20.453781127929688,20.43848419189453,0.054445695132017136,20.113176345825195,19.976806640625,20.453887939453125,20.439790725708008,0.053728602826595306,20.068693161010742,19.91119384765625,20.453887939453125,20.439790725708008,0.053728602826595306,20.062255859375,19.909210205078125
LC09_L1TP_191029_20250517_20250517_02_T1,LANDSAT_9,20250517,venice,191029,2.0,1.840000033378601,0.5425863862037659,2.095972776412964,2.0,1.0,1.2799999713897705,0.5306599736213684,2.088932991027832,2.0,1.0,1.159999966621399,0.4630334973335266,2.1345009803771973,2.0,13.493682861328125,13.490535736083984,0.5526518821716309,16.294157028198242,16.85015869140625,13.493682861328125,13.525702476501465,0.5466405153274536,16.935646057128906,17.557708740234375,13.842315673828125,13.818385124206543,0.6059197783470154,17.162817001342773,17.619232177734375,,,,17.2352237701416,17.663665771484375,12.521331787109375,12.612383842468262,0.47487184405326843,15.475156784057617,16.0338134765625,12.611785888671875,12.68093204498291,0.48255863785743713,16.092077255249023,16.70477294921875,13.181549072265625,12.999415397644043,0.4945661127567291,16.31381607055664,16.765411376953125,,,,16.383344650268555,16.8084716796875,14.084259033203125,14.034852027893066,0.42592155933380127,15.668633460998535,16.367279052734375,14.117919921875,14.103361129760742,0.41348353028297424,16.485809326171875,17.23577880859375,14.485977172851562,14.296040534973145,0.4800305962562561,16.759750366210938,17.326934814453125,,,,16.836471557617188,17.38262939453125
LC09_L1TP_191028_20250618_20250618_02_T1,LANDSAT_9,20250618,venice,191028,2.0,1.8799999952316284,0.430813193321228,2.119903564453125,2.0,1.0,1.2799999713897705,0.6645298600196838,1.841753363609314,2.0,1.0,1.2799999713897705,0.6013318300247192,1.958122730255127,2.0,24.82098388671875,24.801706314086914,0.04712217301130295,24.994487762451172,24.86199951171875,24.80731201171875,24.79461669921875,0.048004113137722015,25.027606964111328,24.92010498046875,24.81585693359375,24.78594970703125,0.06616109609603882,25.08281707763672,25.104705810546875,24.83123779296875,24.821666717529297,0.018266156315803528,25.045639038085938,25.00555419921875,24.9246826171875,24.914043426513672,0.038787245750427246,24.992595672607422,24.878936767578125,24.915130615234375,24.907180786132812,0.03832881152629852,25.015886306762695,24.92181396484375,24.936691284179688,24.905258178710938,0.06175002455711365,25.050851821899414,25.044525146484375,24.94073486328125,24.9338436126709,0.024882832542061806,25.02777862548828,24.972869873046875,26.8900146484375,26.866558074951172,0.07460888475179672,26.9422664642334,26.835052490234375,26.9085693359375,26.872634887695312,0.07763868570327759,26.95974349975586,26.87841796875,26.8992919921875,26.903656005859375,0.018995996564626694,26.987428665161133,26.975494384765625,26.82965087890625,26.825145721435547,0.056508250534534454,26.96912384033203,26.9202880859375
LC09_L1TP_191029_20250618_20250618_02_T1,LANDSAT_9,20250618,venice,191029,2.0,1.840000033378601,0.36660605669021606,2.0548558235168457,2.0,1.0,1.3600000143051147,0.741889476776123,1.9155861139297485,2.0,1.0,1.2799999713897705,0.6013318300247192,1.978463053703308,2.0,24.82098388671875,24.801843643188477,0.046834904700517654,24.896093368530273,24.83465576171875,24.80389404296875,24.79477882385254,0.04769241064786911,24.97591209411621,24.92352294921875,24.80047607421875,24.770397186279297,0.06685253232717514,24.95611572265625,25.073944091796875,24.83123779296875,24.821666717529297,0.018266156315803528,24.96533203125,25.01580810546875,24.930999755859375,24.916522979736328,0.038326263427734375,24.922657012939453,24.86297607421875,24.913848876953125,24.909725189208984,0.03784574195742607,24.990798950195312,24.929107666015625,24.934814453125,24.897808074951172,0.05768757313489914,24.956541061401367,25.038055419921875,24.942901611328125,24.935985565185547,0.024884525686502457,24.97475814819336,24.995758056640625,26.89385986328125,26.870874404907227,0.07463807612657547,26.868942260742188,26.81146240234375,26.91241455078125,26.87704086303711,0.07762738317251205,26.92959976196289,26.874359130859375,26.90606689453125,26.907215118408203,0.017000220715999603,26.885845184326172,26.947021484375,26.839447021484375,26.830181121826172,0.05665307864546776,26.909305572509766,26.926605224609375
LC09_L1TP_192028_20250625_20250626_02_T1,LANDSAT_9,20250625,venice,192028,1.0,1.0,0.0,1.1509448289871216,1.0,1.0,1.0,0.0,1.038950800895691,1.0,1.0,1.0,0.0,1.05588960647583,1.0,27.661346435546875,27.66421890258789,0.0515710674226284,26.945449829101562,27.312713623046875,,,,26.444948196411133,27.073455810546875,,,,27.08123016357422,27.165740966796875,,,,26.423765182495117,26.615447998046875,26.273956298828125,26.274648666381836,0.05483974143862724,25.609569549560547,25.92864990234375,,,,25.183700561523438,25.799072265625,,,,25.860443115234375,25.920913696289062,,,,25.201412200927734,25.361602783203125,27.6092529296875,27.6226749420166,0.0674334391951561,26.526290893554688,27.24029541015625,,,,25.455768585205078,26.85662841796875,,,,25.91509437561035,26.589370727539062,,,,24.844942092895508,25.198394775390625
LC09_L1TP_192029_20250625_20250626_02_T1,LANDSAT_9,20250625,venice,192029,1.0,1.0,0.0,1.125579833984375,1.0,1.0,1.0,0.0,1.0411924123764038,1.0,1.0,1.0,0.0,1.0726306438446045,1.0,27.661346435546875,27.66421890258789,0.0515710674226284,26.70535659790039,27.281951904296875,,,,25.915924072265625,26.007049560546875,,,,26.980390548706055,26.936737060546875,,,,26.196962356567383,26.304412841796875,26.26959228515625,26.270099639892578,0.054767414927482605,25.33139991760254,25.841842651367188,,,,24.651029586791992,24.738937377929688,,,,25.707477569580078,25.646560668945312,,,,24.9427547454834,25.03131103515625,27.60064697265625,27.614341735839844,0.06747423112392426,26.060081481933594,27.05230712890625,,,,24.28814697265625,24.910812377929688,,,,25.367631912231445,25.526992797851562,,,,24.240598678588867,24.6392822265625
LC09_L1TP_191029_20250704_20250704_02_T1,LANDSAT_9,20250704,venice,191029,3.0,2.799999952316284,0.4898979365825653,2.9210753440856934,3.0,3.0,2.759999990463257,0.5851495862007141,2.9388136863708496,3.0,3.0,2.759999990463257,0.5851495862007141,2.9468400478363037,3.0,28.895263671875,28.923017501831055,0.08149010688066483,30.040132522583008,29.490020751953125,28.8935546875,28.91876220703125,0.0804029032588005,29.998672485351562,29.483184814453125,28.891845703125,28.918743133544922,0.08213214576244354,29.990070343017578,29.483184814453125,28.891845703125,28.918743133544922,0.08213214576244354,29.9847354888916,29.479766845703125,27.581390380859375,27.599828720092773,0.07501371204853058,28.50620460510254,28.10546875,27.581375122070312,27.59958839416504,0.07655113935470581,28.468530654907227,28.10028076171875,27.581390380859375,27.603063583374023,0.07632149755954742,28.45998764038086,28.099884033203125,27.581390380859375,27.603063583374023,0.07632149755954742,28.45522117614746,28.09942626953125,29.400299072265625,29.390518188476562,0.044397495687007904,30.280271530151367,29.943008422851562,29.40325927734375,29.390600204467773,0.045311037451028824,30.240951538085938,29.932373046875,29.406219482421875,29.390178680419922,0.0462394617497921,30.232301712036133,29.931640625,29.406219482421875,29.390178680419922,0.0462394617497921,30.227392196655273,29.9307861328125
LC09_L1TP_192029_20250711_20250711_02_T1,LANDSAT_9,20250711,venice,192029,,,,1.2559353113174438,1.0,,,,1.1304460763931274,1.0,,,,1.124706506729126,1.0,,,,24.585651397705078,24.52362060546875,,,,24.87261390686035,25.251678466796875,,,,24.839372634887695,25.272186279296875,,,,24.809003829956055,25.265350341796875,,,,23.403486251831055,23.3360595703125,,,,23.708520889282227,24.0889892578125,,,,23.702878952026367,24.111190795898438,,,,23.661842346191406,24.110260009765625,,,,24.46526527404785,24.351104736328125,,,,24.833358764648438,25.2178955078125,,,,24.925376892089844,25.31390380859375,,,,24.83069610595703,25.31182861328125
LC09_L1TP_191029_20250720_20250720_02_T1,LANDSAT_9,20250720,venice,191029,2.0,1.9199999570846558,0.27129319310188293,1.7769527435302734,2.0,2.0,1.600000023841858,0.4898979365825653,1.8540446758270264,2.0,2.0,1.7999999523162842,0.4000000059604645,1.994515299797058,2.0,27.070037841796875,27.071269989013672,0.030858485028147697,27.169925689697266,26.970916748046875,27.070037841796875,27.069738388061523,0.03161531686782837,27.233169555664062,26.967498779296875,27.063201904296875,27.060922622680664,0.03212809935212135,27.221105575561523,27.018768310546875,27.075164794921875,27.071575164794922,0.03353226184844971,27.165180206298828,26.974334716796875,26.7349853515625,26.72677230834961,0.03930964693427086,26.68033790588379,26.530487060546875,26.729736328125,26.724201202392578,0.03984302282333374,26.76107406616211,26.58184814453125,26.7296142578125,26.715024948120117,0.04180055484175682,26.663606643676758,26.431854248046875,26.735107421875,26.72646713256836,0.04117453843355179,26.662708282470703,26.502792358398438,30.07000732421875,30.00689125061035,0.20203834772109985,29.773860931396484,29.7171630859375,30.07000732421875,30.01072883605957,0.20650677382946014,29.87112045288086,29.862213134765625,30.1119384765625,30.089418411254883,0.18699423968791962,29.690052032470703,29.475494384765625,30.082504272460938,29.995920181274414,0.21233829855918884,29.74541664123535,29.65777587890625
LC09_L1TP_192029_20250727_20250727_02_T1,LANDSAT_9,20250727,venice,192029,3.0,2.9200000762939453,0.27129319310188293,2.7410342693328857,3.0,3.0,3.0,0.0,2.7756381034851074,3.0,3.0,3.0,0.0,2.856804370880127,3.0,27.668182373046875,27.6627140045166,0.04644414782524109,27.360427856445312,27.370819091796875,27.668182373046875,27.6627140045166,0.04644414782524109,27.348981857299805,27.370819091796875,27.668182373046875,27.6627140045166,0.04644414782524109,27.343021392822266,27.367401123046875,27.668182373046875,27.6627140045166,0.04644414782524109,27.343809127807617,27.367401123046875,26.233306884765625,26.22185516357422,0.03803696110844612,26.134647369384766,26.142730712890625,26.233306884765625,26.22185516357422,0.03803696110844612,26.117090225219727,26.138153076171875,26.233306884765625,26.22185516357422,0.03803696110844612,26.111753463745117,26.138336181640625,26.233306884765625,26.22185516357422,0.03803696110844612,26.113128662109375,26.138580322265625,28.080047607421875,28.10102081298828,0.0819135382771492,27.858924865722656,27.94384765625,28.080047607421875,28.10102081298828,0.0819135382771492,27.84503173828125,27.943572998046875,28.080047607421875,28.10102081298828,0.0819135382771492,27.83952522277832,27.942352294921875,28.080047607421875,28.10102081298828,0.0819135382771492,27.839801788330078,27.941741943359375
LC09_L1TP_191028_20250805_20250805_02_T1,LANDSAT_9,20250805,venice,191028,3.0,2.799999952316284,0.4898979365825653,2.6854588985443115,3.0,3.0,2.799999952316284,0.5656853914260864,2.8976995944976807,3.0,3.0,2.799999952316284,0.5656853914260864,2.946213483810425,3.0,26.793182373046875,26.78498077392578,0.034056417644023895,25.943357467651367,25.730194091796875,26.794891357421875,26.785207748413086,0.034740008413791656,25.92874526977539,25.737030029296875,26.796600341796875,26.786344528198242,0.035045504570007324,25.915529251098633,25.723358154296875,26.796600341796875,26.786344528198242,0.035045504570007324,25.915205001831055,25.723358154296875,24.69378662109375,24.694747924804688,0.032041192054748535,23.69901466369629,23.51593017578125,24.693756103515625,24.69478416442871,0.03270140290260315,23.682741165161133,23.517608642578125,24.69378662109375,24.69586753845215,0.03298128768801689,23.670501708984375,23.51300048828125,24.69378662109375,24.69586753845215,0.03298128768801689,23.670183181762695,23.5130615234375,25.465240478515625,25.447172164916992,0.08996675908565521,24.339004516601562,24.174102783203125,25.465225219726562,25.444534301757812,0.09087101370096207,24.321765899658203,24.176544189453125,25.4652099609375,25.440174102783203,0.09033530205488205,24.309757232666016,24.16998291015625,25.4652099609375,25.440174102783203,0.09033530205488205,24.309547424316406,24.170074462890625
LC09_L1TP_191029_20250805_20250805_02_T1,LANDSAT_9,20250805,venice,191029,3.0,2.799999952316284,0.4898979365825653,2.787989377975464,3.0,3.0,2.799999952316284,0.5656853914260864,2.9149959087371826,3.0,3.0,2.799999952316284,0.5656853914260864,2.958002805709839,3.0,26.789764404296875,26.783750534057617,0.03453711420297623,26.162841796875,26.085662841796875,26.793182373046875,26.783926010131836,0.03523823618888855,26.15190315246582,26.099334716796875,26.796600341796875,26.78515625,0.035486362874507904,26.13974952697754,26.075408935546875,26.796600341796875,26.78515625,0.035486362874507904,26.139463424682617,26.075408935546875,24.694549560546875,24.694866180419922,0.032129302620887756,23.897930145263672,23.778656005859375,24.69451904296875,24.69487762451172,0.03279179707169533,23.88546371459961,23.7911376953125,24.694549560546875,24.69593048095703,0.03309737518429756,23.87409782409668,23.76910400390625,24.694549560546875,24.69593048095703,0.03309737518429756,23.87383270263672,23.76922607421875,25.4722900390625,25.450149536132812,0.08950752764940262,24.59123420715332,24.499374389648438,25.471969604492188,25.447580337524414,0.09044551104307175,24.578472137451172,24.512939453125,25.471649169921875,25.44329261779785,0.08997248113155365,24.566286087036133,24.48858642578125,25.471649169921875,25.44329261779785,0.08997248113155365,24.566057205200195,24.48870849609375
LC09_L1TP_192028_20250812_20250812_02_T1,LANDSAT_9,20250812,venice,192028,1.0,1.159999966621399,0.5425863862037659,1.4021759033203125,1.0,1.0,1.0,0.0,1.3800878524780273,1.0,1.0,1.0,0.0,1.3572126626968384,1.0,26.834197998046875,26.839120864868164,0.0393417552113533,27.026687622070312,26.786346435546875,,,,27.881013870239258,27.938201904296875,,,,27.985946655273438,28.003143310546875,,,,28.100717544555664,28.054412841796875,25.7269287109375,25.733970642089844,0.03285593539476395,26.0006046295166,25.72210693359375,,,,27.173295974731445,27.26983642578125,,,,27.331789016723633,27.345703125,,,,27.45920753479004,27.42388916015625,27.431610107421875,27.425024032592773,0.05769970640540123,27.557310104370117,27.307220458984375,,,,28.92937660217285,29.006103515625,,,,29.122684478759766,29.114959716796875,,,,29.234201431274414,29.227752685546875
LC09_L1TP_192029_20250812_20250812_02_T1,LANDSAT_9,20250812,venice,192029,1.0,1.159999966621399,0.5425863862037659,1.4440947771072388,1.0,1.0,1.0,0.0,1.418645977973938,1.0,1.0,1.0,0.0,1.4112865924835205,1.0,26.830780029296875,26.836660385131836,0.03884497284889221,27.14516830444336,26.912811279296875,,,,27.949190139770508,27.979217529296875,,,,28.08771324157715,28.068084716796875,,,,28.093347549438477,28.071533203125,25.72601318359375,25.73263168334961,0.03317795321345329,26.072471618652344,25.758087158203125,,,,27.182382583618164,27.202880859375,,,,27.370901107788086,27.291748046875,,,,27.366390228271484,27.298828125,27.42987060546875,27.42308807373047,0.05758974701166153,27.565502166748047,27.296356201171875,,,,28.847200393676758,28.8431396484375,,,,29.065555572509766,28.94573974609375,,,,29.040603637695312,28.9544677734375
